sectionId,gdid,articleId,officeId,officeName,title,summary,serviceTime,imageUrl,type,sessionId,modelVersion,airsServiceType
101,880000C2_000000000000000004881161,0004881161,008,머니투데이,"""오늘은 43억 내일은 더 늘어납니다""…CFD 반대매매에 수십억 청구",CFD(차액결제거래)로 인한 하한가 사태로 투자자들에게 수십억원에 달하는 청구서가 날아들고 있다. CFD 반대매매 물량이 시장에서 소화되지 않으면서 손실이 무한대로 커지고 있어서다. 28일 한 온라인커뮤니티에 CFD,1682649264000,https://mimgnews.pstatic.net/image/origin/008/2023/04/28/4881161.jpg,1,jCcNnsJNvcXNmNh8,news_sec_v2.0,DEFAULT
101,880003A5_000000000000000000043766,0000043766,293,블로터,위험해진 '퇴직 후 치킨집 창업'...가맹점 수 느는데 매출은 줄어,"""퇴직하면 치킨집 차린다""는 말이 꾸준히 이어질 정도로 인기 아이템으로 꼽혔던 치킨집 창업의 레드오션(이미 잘 알려져 있어서 경쟁이 매우 치열한 특정 산업내의 기존 시장)화 징후가 역력해지고 있다. 전국 프랜차이즈 ",1682649061000,https://mimgnews.pstatic.net/image/origin/293/2023/04/28/43766.jpg,1,jCcNnsJNvcXNmNh8,news_sec_v2.0,DEFAULT
101,880000D8_000000000000000013910087,0013910087,001,연합뉴스,1∼3월 세수 24조원 덜 걷혀…법인세 6조8천억 펑크,"세수 감소분 역대 최대…기저효과 빼도 14조3천억원 부족 세수 진도율 2000년 이후 최저…소득세 7조1천억원 감소 정부 ""이르면 5월 정상화 기대""…세수 전망 다시 추계하기로 (세종=연합뉴스) 박용주 박재현 김다혜",1682649000000,https://mimgnews.pstatic.net/image/origin/001/2023/04/28/13910087.jpg,1,jCcNnsJNvcXNmNh8,news_sec_v2.0,DEFAULT
101,8800010E_000000000000000002136744,0002136744,016,헤럴드경제,‘하한가 8종목’ 빚투 입증...한국증권금융 주요주주로,프랑스계 증권사 소시에테제네랄(SG)발 무더기 하한가 사태가 불거지면서 과도한 ‘빚투(빚내서 투자)’ 우려도 커지고 있다. 증권사에 대출을 해주는 한국증권금융이 이번 사태에 휘말린 8개 종목 중 6개 주요 주주에 이,1682648950000,https://mimgnews.pstatic.net/image/origin/016/2023/04/28/2136744.jpg,1,jCcNnsJNvcXNmNh8,news_sec_v2.0,DEFAULT
101,880000C2_000000000000000004881158,0004881158,008,머니투데이,"[단독]여의도 재건축 가이드 공개 ""용적률 800%·60층 쌓는다""",여의도 아파트지구가 9개 특별계획구역으로 나뉘어 개발된다. 3종 일반주거지역을 준주거지역·일반상업지역으로 종상향해 용적률을 최고 800%까지 상향한다. 세부개발계획 수립에 따라 높이도 200m보다 더 높일 수 있다.,1682648829000,https://mimgnews.pstatic.net/image/origin/008/2023/04/28/4881158.jpg,1,jCcNnsJNvcXNmNh8,news_sec_v2.0,DEFAULT
101,8812805E_000000000000000000916832,0000916832,417,머니S,"다우데이타, 김익래 회장 지분 매각 후 하한가… 황현순 ""우연의 일치""","김익래 다우키움그룹 회장이 다우데이타 보유 주식을 처분하자 주가가 60% 넘게 폭락했다. 김 회장이 폭락이 시작되기 직전 '고점'에서 주식을 매도한 타이밍에 대해 의혹이 제기됐고 키움증권은 ""우연의 일치""라고 해명했",1682648811000,https://mimgnews.pstatic.net/image/origin/417/2023/04/28/916832.jpg,1,jCcNnsJNvcXNmNh8,news_sec_v2.0,DEFAULT
101,880000CE_000000000000000001209770,0001209770,082,부산일보,"""어린이날 배달 안한다"" 배달비 4000원 요구한 배민 기사들 파업",배달의민족 배달 기사인 배민 라이더들이 어린이날 하루 동안 파업하기로 결정했다. 민주노총 서비스연맹 배달플랫폼노동조합은 27일 사측인 배달의민족(우아한청년들)과의 단체교섭이 최종 결렬돼 5월 5일 어린이날 파업을 한,1682648761000,https://mimgnews.pstatic.net/image/origin/082/2023/04/28/1209770.jpg,1,jCcNnsJNvcXNmNh8,news_sec_v2.0,DEFAULT
101,8811AD97_000000000000000000333673,0000333673,374,SBS Biz,강남 3구  '껑충' 뛰자…매물 거둬들이는 강남 집주인들,서울 아파트값 하락 폭이 3주 연속 둔화했습니다. 강남·서초·송파구 등 강남 3구 아파트값이 일제히 상승했고 노원구 아파트값은 지난해 1월 이후 처음 반등했습니다. 한국부동산원은 이번 주 서울 아파트값은 지난주(-0,1682648705000,https://mimgnews.pstatic.net/image/origin/374/2023/04/28/333673.jpg,1,jCcNnsJNvcXNmNh8,news_sec_v2.0,DEFAULT
101,88000385_000000000000000005252332,0005252332,277,아시아경제,"해고 칼바람, 성장률 1.1%…커지는 美 경기침체 공포","# 미국 대형 패션기업 갭(GAP)은 27일(현지시간) 1800명 규모의 정리해고를 결정했다고 밝혔다. 지난해 9월 500명 규모 감원에 이은, 추가 구조조정이다. 차량공유서비스업체 리프트도 같은 날 1000명 이상",1682648641000,https://mimgnews.pstatic.net/image/origin/277/2023/04/28/5252332.jpg,1,jCcNnsJNvcXNmNh8,news_sec_v2.0,DEFAULT
101,880000BE_000000000000000000081679,0000081679,024,매경이코노미,수출 효자된 한국판 포켓몬 카드...이베이서 1분기 수출 성장률 1위 [신기방기 사업모델],한국판 ‘포켓몬카드 이브이 히어로즈 강화 확장팩’. 지난해 하반기에 선보여 초등학생은 물론 마니아 사이에서 선풍적인 인기를 얻고 있는 트레이딩 카드 중 하나다. 나오면 품절이라 당근마켓은 물론 2차 판매 시장에서도 ,1682648641000,https://mimgnews.pstatic.net/image/origin/024/2023/04/28/81679.jpg,1,jCcNnsJNvcXNmNh8,news_sec_v2.0,DEFAULT
101,88000108_000000000000000004184550,0004184550,011,서울경제,[주식 초고수는 지금] 에코프로 질주 다시 시작되나…매수 1위,"미래에셋증권에서 거래하는 고수익 투자자들이 28일 오전 가장 많이 순매수한 종목은 에코프로(086520)로 나타났다. 삼성SDI(006400), 포스코홀딩스(POSCO홀딩스(005490)), 엘앤에프 등도 이름을 올",1682648641000,https://mimgnews.pstatic.net/image/origin/011/2023/04/28/4184550.jpg,1,jCcNnsJNvcXNmNh8,news_sec_v2.0,DEFAULT
101,88000108_000000000000000004184549,0004184549,011,서울경제,"[단독] ""최대 높이 200m""…여의도 아파트 60층까지 올린다",초고층 재건축이 추진되고 있는 서울 영등포구 여의도 지구단위계획이 나왔다. 아파트지구로 지정된 이후 관련 지구단위계획이 발표된 건 50년 만이다. 세부적인 용도지역과 높이규제 등이 발표되며 여의도 일대 재건축에 속도,1682648582000,https://mimgnews.pstatic.net/image/origin/011/2023/04/28/4184549.jpg,1,jCcNnsJNvcXNmNh8,news_sec_v2.0,DEFAULT
101,880000C2_000000000000000004881156,0004881156,008,머니투데이,자구책·고통분담 요구하면서 사장퇴진? 당혹감 못감추는 한전,여당인 국민의힘에서 정승일 한국전력공사(한전) 사장에 대한 사퇴 요구가 나오자 한전은 당혹감을 감추지 못하고 있다. 지난해 32조원대 적자와 올해 경영악화 등에 따른 자구책을 이행해야 하는 상황에서 최종 컨트롤타워인,1682648557000,https://mimgnews.pstatic.net/image/origin/008/2023/04/28/4881156.jpg,1,jCcNnsJNvcXNmNh8,news_sec_v2.0,DEFAULT
101,8800010E_000000000000000002136722,0002136722,016,헤럴드경제,10월 종료 반도체 수출통제 포괄허가 조치…이창양 장관 “근본적 조치 취해달라” 요청,우리나라가 미국 정부에 오는 10월 종료를 앞둔 삼성전자와 SK하이닉스 대해 적용한 반도체 수출통제 포괄허가 조치를 두고 우려가 크다는 점을 강조하면서 근본적인 조치를 취해달라고 요청했다. 또 미국 측의 제동으로 차,1682648402000,https://mimgnews.pstatic.net/image/origin/016/2023/04/28/2136722.jpg,1,jCcNnsJNvcXNmNh8,news_sec_v2.0,DEFAULT
101,880000E7_000000000000000005474522,0005474522,018,이데일리,"러시아 천연가스 수출, 지난해보다 반토막 전망",서방 제재 등 효과로 올해 가스관을 통한 러시아의 천연가스 수출량의 지난해의 절반 수준으로 감소할 것으로 전망된다. 천연가스 수출이 줄어들면서 러시아 정부도 전보다 더 강한 재정적 압박을 받고 있다. 중국 등으로 수,1682648401000,https://mimgnews.pstatic.net/image/origin/018/2023/04/28/5474522.jpg,1,jCcNnsJNvcXNmNh8,news_sec_v2.0,DEFAULT
101,88000108_000000000000000004184546,0004184546,011,서울경제,"키움증권 사장 ""김익래 회장 지분 매각 우연의 일치""","황현순(사진) 키움증권(039490) 사장이 김익래 다우키움그룹 회장의 다우데이타(032190) 지분 고점 매각과 관련한 논란에 대해 ""우연의 일치""라고 일축했다. 황 사장은 이날 함용일 금감원 자본시장·회계부원장 ",1682648343000,https://mimgnews.pstatic.net/image/origin/011/2023/04/28/4184546.jpg,1,jCcNnsJNvcXNmNh8,news_sec_v2.0,DEFAULT
101,8811AD97_000000000000000000333671,0000333671,374,SBS Biz,신혼부부 축의금으로 집 샀는데 증여세 내야 하나요?,"국세청은 국민의 세제 이해를 돕기 위해 '상속·증여 세금 상식'을 제작, 배포했다고 오늘(28일) 밝혔습니다. 아래는 헷갈리기 쉬운 상속증여세 관련 팩트체크로, 보다 자세한 내용은 국세청 누리집(https://www",1682648341000,https://mimgnews.pstatic.net/image/origin/374/2023/04/28/333671.jpg,1,jCcNnsJNvcXNmNh8,news_sec_v2.0,DEFAULT
101,880000FF_000000000000000005004339,0005004339,014,파이낸셜뉴스,"비트코인, 은행 위기에 재조명...2만9천달러대 유지 [코인브리핑]",비트코인 가격이 2만9000달러대에서 움직이고 있다. 28일 글로벌 가상자산 시황 중계 사이트 코인마켓캡에 따르면 이날 오전 11시 2분 기준 비트코인 가격은 24시간 전보다 2.57% 오른 2만9548.54달러에 ,1682648227000,https://mimgnews.pstatic.net/image/origin/014/2023/04/28/5004339.jpg,1,jCcNnsJNvcXNmNh8,news_sec_v2.0,DEFAULT
101,880000D8_000000000000000013910048,0013910048,001,연합뉴스,"美법원, 비트코인 사기꾼에 ""4조5천억 배상""…역대 최대",권도형 '테라·루나 사태' 유사한 폰지사기 형태 거액의 비트코인 사기 행각을 벌인 남아프리카공화국의 업자가 피해자들에게 천문학적 규모의 배상금을 물어주게 됐다고 로이터 통신이 27일(현지시간) 보도했다. 미국 텍사스,1682648213000,https://mimgnews.pstatic.net/image/origin/001/2023/04/28/13910048.jpg,1,jCcNnsJNvcXNmNh8,news_sec_v2.0,DEFAULT
101,880000E7_000000000000000005474519,0005474519,018,이데일리,허수성 IPO 청약 막는다…7월부터 기관 주금납입능력 확인,오는 7월부터 기업공개(IPO) 시장의 허수성 청약을 근절하기 위해 주관회사가 수요예측 시 기관투자자의 주금납입 능력을 확인해야 한다. 주금납입 능력을 초과해 수요예측에 참여하는 기관투자자에는 공모주 배정 금지 등의,1682648172000,https://mimgnews.pstatic.net/image/origin/018/2023/04/28/5474519.jpg,1,jCcNnsJNvcXNmNh8,news_sec_v2.0,DEFAULT
101,88127058_000000000000000000897583,0000897583,366,조선비즈,"장녀 있는 창투사에 힘 싣는 에코프로, 해외 투자 본격화","에코프로파트너스로 사명 변경 미국 법인에 지분 전량 매각 해외 유망기업 발굴로 입지 강화 에코프로가 자회사로 두고 있던 벤처 창업투자 회사 사명을 바꾸고, 국내뿐 아니라 해외 투자에도 나선다. 에코프로파트너스(전 아",1682648161000,https://mimgnews.pstatic.net/image/origin/366/2023/04/28/897583.jpg,1,jCcNnsJNvcXNmNh8,news_sec_v2.0,DEFAULT
101,880000FF_000000000000000005004336,0005004336,014,파이낸셜뉴스,"퇴직연금 340조원 시대, 이복현 ""수익률 1%대 불과..시장 경쟁 통해 높여달라""","이복현 금융감독원장이 28일 퇴직연금 업계의 수익률 제고 노력을 당부했다. 이 원장은 ""사전지정운용제도(디폴트옵션), 적립금운용위원회 등 제도 안착을 위해 역량을 집중해야 한다""면서 시장 내 경쟁을 통해 수익률 제고",1682648116000,https://mimgnews.pstatic.net/image/origin/014/2023/04/28/5004336.jpg,1,jCcNnsJNvcXNmNh8,news_sec_v2.0,DEFAULT
101,8800010E_000000000000000002136690,0002136690,016,헤럴드경제,현대차그룹 올 영업익 30조...삼성 제치고 ‘첫 왕좌’ 오른다,국내 6대 그룹사 중 현대자동차그룹이 이익 창출 측면에서 독보적인 ‘일인자’로 군림하던 삼성그룹을 올해 2위 자리로 밀어낼 것이란 전망이 나왔다. 연간 영업이익이 30조원에 육박한 현대차그룹이 작년과 견줘 영업이익이,1682647998000,https://mimgnews.pstatic.net/image/origin/016/2023/04/28/2136690.jpg,1,jCcNnsJNvcXNmNh8,news_sec_v2.0,DEFAULT
101,8800010E_000000000000000002136688,0002136688,016,헤럴드경제,"충당금 쌓고 이자수익 줄어도...4대 금융지주, 1분기 5조 쓸어담았다","4대 금융지주가 올 1분기에도 5조원에 가까운 당기순이익을 내며 돈을 쓸어담았다. 예대마진 축소, 대규모 충당금 편입, 고금리 등에도 시장의 예상을 뒤집고 역대급 순이익을 다시 썼다. 1분기 효자 노릇을 한 건 유가",1682647994000,https://mimgnews.pstatic.net/image/origin/016/2023/04/28/2136688.jpg,1,jCcNnsJNvcXNmNh8,news_sec_v2.0,DEFAULT
101,8817cacd_000000000000000000056807,0000056807,586,시사저널,"시몬스, 경쟁사 이직 직원에 전직 금지 가처분 신청","""퇴사 후 일정 기간 경쟁업체 이직 금지 서약 어겨"" 침대업체 시몬스는 지난 1월 퇴사 후 경쟁사인 일룸 슬로우베드로 이직한 전 직원 A씨를 상대로 서울중앙지법에 전직 금지 가처분을 신청했다고 28일 밝혔다. 시몬스",1682647981000,https://mimgnews.pstatic.net/image/origin/586/2023/04/28/56807.jpg,1,IijThwXIbFeUwJKa,news_sec_v2.0,DEFAULT
101,88000108_000000000000000004184543,0004184543,011,서울경제,"의지의 구찌, 5월 경복궁에서 패션쇼 연다…'2024 크루즈 패션쇼'",지난해 개최 직전 취소됐던 이탈리아 명품 브랜드 구찌(Gucci) 패션쇼가 내달 한국을 대표하는 역사문화유산 경복궁에서 열린다. 구찌는 ‘과거와 현대의 교차점에서 미래를 이끄는 대표 문화유산’으로 경복궁의 역사성을 ,1682647921000,https://mimgnews.pstatic.net/image/origin/011/2023/04/28/4184543.jpg,1,jCcNnsJNvcXNmNh8,news_sec_v2.0,DEFAULT
101,88000149_000000000000000001098408,0001098408,215,한국경제TV,"'반도체 깜짝 반등'에 생산 1년만에 최대 폭 증가…""경기회복은 일러""",반도체 부문이 반짝 반등을 기록하며 3월 산업생산이 1년 만에 최대 폭으로 늘었다. 다만 반도체 생산 호조는 기저효과와 계약 일정 등 일시적 요인에 따른 성격이 커 경기 부진 흐름이 전환됐다고 보기는 어렵다는 평가다,1682647902000,https://mimgnews.pstatic.net/image/origin/215/2023/04/28/1098408.jpg,1,jCcNnsJNvcXNmNh8,news_sec_v2.0,DEFAULT
101,8800010E_000000000000000002136678,0002136678,016,헤럴드경제,"임대사업자, 국토부 항의 방문 이유는...","5월부터 주택도시보증공사(HUG)의 전세보증금반환보증보험(보증보험) 가입 요건이 강화되는 가운데, 빌라(다세대·연립주택)·오피스텔·다가구주택 등 비(非)아파트 임대사업자 사이에서 반발의 목소리가 커지고 있다. 전세 ",1682647872000,https://mimgnews.pstatic.net/image/origin/016/2023/04/28/2136678.jpg,1,jCcNnsJNvcXNmNh8,news_sec_v2.0,DEFAULT
101,8800010E_000000000000000002136677,0002136677,016,헤럴드경제,지상 22층·260가구 공동주택...은평구 역촌중앙시장의 새모습,"서울 은평구 역촌중앙시장에 22층, 총 260가구 규모 공동주택과 상업시설(투시도) 등이 들어선다. 신촌역 인근에도 2027년 지상 28층, 286가구 규모의 주거시설이 건립될 계획이다. 서울시는 지난 25일 열린 ",1682647868000,https://mimgnews.pstatic.net/image/origin/016/2023/04/28/2136677.jpg,1,jCcNnsJNvcXNmNh8,news_sec_v2.0,DEFAULT
101,88127058_000000000000000000897577,0000897577,366,조선비즈,"GS건설 컨소시엄, ‘광명자이더샵포레나’ 견본주택  29일 오픈",GS건설 컨소시엄(GS건설·포스코이앤씨·한화 건설부문)은 경기도 광명시 광명동 9-8번지 일대에서 분양하는 ‘광명자이더샵포레나’의 견본주택을 29일 토요일 오픈하고 본격적인 분양에 나선다고 28일 밝혔다. 광명1R ,1682647801000,https://mimgnews.pstatic.net/image/origin/366/2023/04/28/897577.jpg,1,jCcNnsJNvcXNmNh8,news_sec_v2.0,DEFAULT
101,88000108_000000000000000004184541,0004184541,011,서울경제,[시그널INSIDE] 여기어때 매출 급성장 비결은 회계?…재무제표 들여다보니,"국내 숙박 예약 플랫폼 '여기어때(운영사 여기어때컴퍼니)'가 고속 성장을 거듭하고 있는 가운데, 지난해 객실판매수입의 증가가 실적 향상의 주 요인인 것으로 나타났다. 객실판매수입은 여기어때가 직접 숙박업체로부터 객실",1682647744000,https://mimgnews.pstatic.net/image/origin/011/2023/04/28/4184541.jpg,1,jCcNnsJNvcXNmNh8,news_sec_v2.0,DEFAULT
101,880000D6_000000000000000000743674,0000743674,031,아이뉴스24,"알멕, 코스닥 상장 예비심사 통과 완료…IPO 본격화",글로벌 전기차 알루미늄 부품 전문기업 알멕이 한국거래소로부터 27일 코스닥 상장 예비심사를 승인 받았으며 기업공개(IPO)를 위한 공모 절차를 본격 추진한다고 밝혔다. 알루미늄 압출 소재·부품 전문 기업인 알멕은 본,1682647744000,https://mimgnews.pstatic.net/image/origin/031/2023/04/28/743674.jpg,1,jCcNnsJNvcXNmNh8,news_sec_v2.0,DEFAULT
101,880000BE_000000000000000000081678,0000081678,024,매경이코노미,"포스코퓨처엠, 연이은 수주에 목표가 줄상향...주가는 소폭 상승 [오늘, 이 종목]",증권사들은 28일 포스코퓨처엠에 대해 올 2분기부터 수익성 개선이 기대된다며 목표주가를 줄줄이 상향했다. 한화투자증권은 이날 포스코퓨처엠의 목표주가를 기존 22만원에서 43만원으로 올렸다. 삼성증권(24만원→38만원,1682647685000,https://mimgnews.pstatic.net/image/origin/024/2023/04/28/81678.jpg,1,jCcNnsJNvcXNmNh8,news_sec_v2.0,DEFAULT
101,08138263_000000000000000006776260,0006776260,421,뉴스1,원희룡 “부동산 데이터분석으로 전세사기 잡는다…의심되면 바로 수사의뢰”,"원희룡 국토교통부 장관은 “전세사기 조직의 수법을 미리 파악해 의심거래를 집중 추출하고, 조직적 공모나 전세사기가 의심되면 바로 수사의뢰한다”고 강조했다. 28일 원희룡 장관은 본인의 사회관계망서비스(SNS) 페이스",1682647625000,https://mimgnews.pstatic.net/image/origin/421/2023/04/28/6776260.jpg,1,jCcNnsJNvcXNmNh8,news_sec_v2.0,DEFAULT
101,880000E7_000000000000000005474502,0005474502,018,이데일리,우엉 이어 김까지 식탁 위협…식약처 “화학 약품 초과 검출”,"김밥에 들어가는 우엉에 이어 김에서 인공감미료 기준치 보다 초과 검출되는 등 우리 식탁을 위협하고 있다. 28일 식품의약품안전처(식약처)는 경기도 용인시 소재 맑은푸드의 곱창돌김(특), 충청남도 홍성군 소재 솔뫼에프",1682647622000,https://mimgnews.pstatic.net/image/origin/018/2023/04/28/5474502.jpg,1,jCcNnsJNvcXNmNh8,news_sec_v2.0,DEFAULT
101,880000BE_000000000000000000081676,0000081676,024,매경이코노미,‘쩜하’ 종목 살려낸 개미들...개인 대량 매수에 대부분 상승세 돌아서,외국계 증권사 소시에테제네랄(SG)의 차액결제거래(CFD) 대량 매도에 크게 흔들린 주식 시장에서 반등을 노리는 개인들의 매수세가 크게 늘어난 것으로 나타났다. 주가 폭락을 겪은 종목들은 개인의 매수세에 힘입어 하한,1682647561000,https://mimgnews.pstatic.net/image/origin/024/2023/04/28/81676.jpg,1,jCcNnsJNvcXNmNh8,news_sec_v2.0,DEFAULT
101,880000D6_000000000000000000743671,0000743671,031,아이뉴스24,"[종목이슈] 엔투텍, 넷마블에 에이스팩토리 매각…'수백억' 회수",엔투텍이 자회사 에이스팩토리의 매각으로 수백억원의 수익을 얻을 전망이다. 엔투텍은 작년말 자회사 에이스팩토리 지분 일부를 넷마블 자회사 넷마블에프앤씨에 매각한 데 이어 현재 보유 중인 나머지 지분을 매각키로 했다. ,1682647561000,https://mimgnews.pstatic.net/image/origin/031/2023/04/28/743671.jpg,1,jCcNnsJNvcXNmNh8,news_sec_v2.0,DEFAULT
101,8800010E_000000000000000002136668,0002136668,016,헤럴드경제,회계기준 변경 후 첫 성적표…보험사 ‘두 자릿수 성장’ 효과,보험사들이 올해 회계기준(IFRS17) 변경 이후 첫 성적표를 받아들기 시작했다. IFRS17 적용에 따른 실적 개선 효과가 나타나며 전반적으로 두자릿수 이상의 견조한 성장세를 기록했다. 특히 IFRS17에서 유리한,1682647561000,https://mimgnews.pstatic.net/image/origin/016/2023/04/28/2136668.jpg,1,jCcNnsJNvcXNmNh8,news_sec_v2.0,DEFAULT
101,88000149_000000000000000001098402,0001098402,215,한국경제TV,"""인공지능 고마워""…하루에 2.7조 번 이 남자",시장의 예상을 뛰어넘는 분기 실적을 발표하며 마이크로소프트(MS)의 주가가 급등하자 이 회사의 공동창업자인 빌 게이츠의 자산이 하루 새 20억 달러(약 2조7천억 원) 블어났다. 27일(현지시간) 폭스 뉴스에 따르면,1682647520000,https://mimgnews.pstatic.net/image/origin/215/2023/04/28/1098402.jpg,1,jCcNnsJNvcXNmNh8,news_sec_v2.0,DEFAULT
101,8800010E_000000000000000002136667,0002136667,016,헤럴드경제,5대 카드사 대손비용 3000억 급증,실적 부진에 빠진 국내 카드사가 지난 1분기 연체율과 함께 대손비용이 급증한 것으로 나타났다. 대손비용이 늘었다는 건 연체채권 증가에 따른 비용이 늘었다는 의미다. 카드사의 건전성과 수익성이 장기적으로 악화하는 신호,1682647517000,https://mimgnews.pstatic.net/image/origin/016/2023/04/28/2136667.jpg,1,jCcNnsJNvcXNmNh8,news_sec_v2.0,DEFAULT
101,88000149_000000000000000001098401,0001098401,215,한국경제TV,"""세계 1위와 2위가 맞붙었다""...주식 6·채권 4 배분전략 놓고 격돌","월가에서 분산 투자의 대명사로 알려진 주식 60% 채권 40% 투자 전략을 두고 세계 1, 2위 자산운용사 블랙록과 뱅가드가 맞붙었다. 27일(현지시간) 비즈니스 인사이더에 따르면 블랙록은 60/40 포트폴리오가 올",1682647503000,https://mimgnews.pstatic.net/image/origin/215/2023/04/28/1098401.jpg,1,jCcNnsJNvcXNmNh8,news_sec_v2.0,DEFAULT
101,88000385_000000000000000005252316,0005252316,277,아시아경제,‘역세권+인프라’ 다 갖춘 소형 주거공간 ‘신설동역자이르네’,"출퇴근 시간 단축을 중요하게 여기는 가구가 늘어나면서, 원스톱 인프라를 갖춘 주거 단지가 인기를 끌고 있다. 특히 강남이나 광화문 등 주요 업무지구까지 환승 없이 갈 수 있는 곳은 선호도가 매우 높다. 실거주자는 출",1682647501000,https://mimgnews.pstatic.net/image/origin/277/2023/04/28/5252316.jpg,1,jCcNnsJNvcXNmNh8,news_sec_v2.0,DEFAULT
101,880000D8_000000000000000013909999,0013909999,001,연합뉴스,"금감원, 증권사 긴급소집…""CFD·'빚투' 리스크 관리"" 주문(종합)",'무더기 하한가' 등 현안 공유…CFD 관련 고객 유치 '자제령' CFD 잔고 작년 말 대비 52% 급증…대차찬고도 역대 최대 금융감독원이 증권사 사장들을 긴급 소집해 '무더기 하한가 사태'의 진원지로 지목된 차액결,1682647487000,https://mimgnews.pstatic.net/image/origin/001/2023/04/28/13909999.jpg,1,jCcNnsJNvcXNmNh8,news_sec_v2.0,DEFAULT
101,880000D1_000000000000000003357353,0003357353,081,서울신문,‘MZ세대’ 절반 넘는 LIG넥스원…소통 중심에는 ‘NB’,"사원협의체 NB, 직원-회사-경영진 소통 창구 소통, 기업 시너지 최대화하는 핵심역량 입증 NB 인기 활동은 가족과 함께하는 조직활성화 방산 특성상 잦은 격오지 출장 직원에 ‘활력소’ 기업 최고경영자(CEO)들이 신",1682647441000,https://mimgnews.pstatic.net/image/origin/081/2023/04/28/3357353.jpg,1,Lzv8ZAEVNT1UaTzv,news_sec_v2.0,DEFAULT
101,08138263_000000000000000006776251,0006776251,421,뉴스1,"황현순 키움證 대표 ""김 회장의 다우데이타 매도, 시점 공교로웠을 뿐""","황현순 키움증권(039490) 대표는 김익래 다우키움그룹 회장이 하한가 직전 다우데이타 지분 3%를 고점에 매도해 논란이 되고 있는데 대해 ""시점이 공교로웠을 뿐""이라고 선을 그었다. 황 대표는 28일 오전 서울 여",1682647382000,https://mimgnews.pstatic.net/image/origin/421/2023/04/28/6776251.jpg,1,jCcNnsJNvcXNmNh8,news_sec_v2.0,DEFAULT
101,8817cacd_000000000000000000056805,0000056805,586,시사저널,"'접속 장애' LG유플, 개인 고객 427만 명에 1041원 요금감면",디도스 공격 피해 보상안…PC방엔 최대 71만원까지 소상공인에겐 1개월치 요금인 약 3만2000원 감면 LG유플러스가 인터넷 접속 장애 사태를 겪은 개인 고객에게 장애 시간의 10배에 해당하는 요금을 감면해 주기로 ,1682647381000,https://mimgnews.pstatic.net/image/origin/586/2023/04/28/56805.jpg,1,jCcNnsJNvcXNmNh8,news_sec_v2.0,DEFAULT
101,880000E7_000000000000000005474483,0005474483,018,이데일리,"GS건설 컨소시엄, '광명자이더샵포레나' 견본주택 29일 오픈",GS건설 컨소시엄(GS건설·포스코이앤씨·한화 건설부문)은 경기도 광명시 광명동 일대에서 분양하는 ‘광명자이더샵포레나’의 견본주택을 29일 오픈하고 본격적인 분양에 나선다고 28일 밝혔다. 광명자이더샵포레나 조감도 (,1682647381000,https://mimgnews.pstatic.net/image/origin/018/2023/04/28/5474483.jpg,1,Lzv8ZAEVNT1UaTzv,news_sec_v2.0,DEFAULT
101,880000CE_000000000000000001209767,0001209767,082,부산일보,"[尹국빈방미] 산업장관, 美반도체법 '독소조항' 합리적 해결·IRA 세액공제 지원 등 요청","정부는 우리 기업의 중국 현지공장에 대한 미국의 대중(對中) 반도체 장비 수출통제 유예 조치가 오는 10월 끝나는 것과 관련, 불확실성 해소를 위한 '근본적 조치' 마련을 미국 측에 촉구했다. 정부는 또 미국이 반도",1682647381000,https://mimgnews.pstatic.net/image/origin/082/2023/04/28/1209767.jpg,1,jCcNnsJNvcXNmNh8,news_sec_v2.0,DEFAULT
101,88000108_000000000000000004184535,0004184535,011,서울경제,"'강남 재건축 바람'에 은마, 동의율 75% 돌파…20년만에 조합 설립 '눈앞'",서울 강남을 대표하는 재건축단지 은마아파트가 재건축조합 설립을 위한 요건인 아파트 소유자 동의서를 75%이상 걷었다. 28일 정비업계에 따르면 은마아파트 재건축정비사업 조합설립추진위원회는 27일 조합설립을 위한 공동,1682647381000,https://mimgnews.pstatic.net/image/origin/011/2023/04/28/4184535.jpg,1,jCcNnsJNvcXNmNh8,news_sec_v2.0,DEFAULT
101,8822bt5c_000000000000000000000867,0000000867,665,더스쿠프,'내 돈'에 손댄 은행사람들… 사라진 양심과 제식구 감싸기 [SCOOP 관점],"# 시장에서 '도덕적 해이'는 대리인(Agent·전문가)이 주인(Principal·소비자)보다 우월적 지위에 서있을 때 발생한다. 예컨대, 의학 지식을 독점한 의사(대리인)가 더 많은 보험금을 타내기 위해 환자(주인",1682647381000,https://mimgnews.pstatic.net/image/origin/665/2023/04/28/867.jpg,1,jCcNnsJNvcXNmNh8,news_sec_v2.0,DEFAULT
101,880000C2_000000000000000004881137,0004881137,008,머니투데이,"폭락 전 김익래 회장 지분매각…키움증권 사장 ""우연의 일치""","금감원 35개 국내 증권사 CEO 간담회 개최 황현순 키움증권 사장이 28일 김익래 다우키움그룹 회장 다우데이타 지분 매각과 관련해 ""(매각 시점이)우연이고 공교로운 일""이라고 밝혔다. 황 사장은 이날 함용일 금감원",1682647352000,https://mimgnews.pstatic.net/image/origin/008/2023/04/28/4881137.jpg,1,RNxkwSkGB8kwLDLU,news_sec_v2.0,DEFAULT
101,880000C2_000000000000000004881135,0004881135,008,머니투데이,"하한가 종목 1386억 매수, 연기금도 당했다…""절반 손실 추정""",소시에테제네랄(SG)증권 사태로 국민들의 노후 연금을 책임지는 연기금도 큰 손실을 보고 있는 것으로 나타났다. 28일 한국거래소에 따르면 지난 24일 소시에테제네랄(SG)증권 창구에서 쏟아진 대규모 매도 물량에 의해,1682647311000,https://mimgnews.pstatic.net/image/origin/008/2023/04/28/4881135.jpg,1,jCcNnsJNvcXNmNh8,news_sec_v2.0,DEFAULT
101,88127058_000000000000000000897572,0000897572,366,조선비즈,"“설비 바꾸면 현금 줍니다”… 정부, 생산성 둔화 위기에 외투기업 지원 사활",식어가는 韓 생산성 → 잠재성장률 하락 비상 尹 “외투기업 한국서 마음껏 경영 활동하도록” 기존 공장 설비 첨단산업화에 현금 지원하고 글로벌 기업 지역본부도 외투 지역 지정 가능 앞으로 우리나라에 진출해 있는 외국인,1682647280000,https://mimgnews.pstatic.net/image/origin/366/2023/04/28/897572.jpg,1,jCcNnsJNvcXNmNh8,news_sec_v2.0,DEFAULT
101,88000385_000000000000000005252306,0005252306,277,아시아경제,새만금에 이차전지 기업 추가 입주…1135억원 투자 계약,"새만금개발청은 28일 에코앤드림, 리카본솔루션즈와 새만금국가산업단지 입주계약을 체결했다고 밝혔다. 두 기업은 새만금국가산단에 총 1135억원을 투자해 올 하반기 공장을 착공하고, 내년 하반기부터 가동할 계획이다. 또",1682647269000,https://mimgnews.pstatic.net/image/origin/277/2023/04/28/5252306.jpg,1,jCcNnsJNvcXNmNh8,news_sec_v2.0,DEFAULT
101,88000385_000000000000000005252305,0005252305,277,아시아경제,"포스코퓨처엠, 포항에 첫 하이니켈 양극재 전용공장 착공","포스코퓨처엠이 첫 하이니켈 NCA(니켈·코발트·알루미늄) 양극재 전용 공장을 착공했다. 포스코퓨처엠은 28일 경북 포항 영일만 4일반산업단지에서 김준형 대표, 김민철 포스코이앤씨 플랜트사업본부장, 김명남 포스코DX ",1682647264000,https://mimgnews.pstatic.net/image/origin/277/2023/04/28/5252305.jpg,1,jCcNnsJNvcXNmNh8,news_sec_v2.0,DEFAULT
101,8811AD97_000000000000000000333665,0000333665,374,SBS Biz,"황현순 키움 사장 ""김익래 회장 지분 매각은 우연의 일치""","황현순 키움증권 사장은 오늘(28일) 김익래 다우키움그룹 회장의 다우데이타 지분 매각과 관련 ""(매각 시점이) 공교로운 것""이라고 말했습니다. 황 사장은 이날 오전 여의도 금융투자협회 대회의실에서 금융감독원이 개최한",1682647206000,https://mimgnews.pstatic.net/image/origin/374/2023/04/28/333665.jpg,1,jCcNnsJNvcXNmNh8,news_sec_v2.0,DEFAULT
101,88000385_000000000000000005252302,0005252302,277,아시아경제,"금감원, 증권사 CEO 긴급 소집…황현순 사장 ""우연의 일치, 무관""",금융감독원은 28일 오전 10시 증권사 사장들을 긴급 소집해 최근 발생한 8개 주식의 무더기 하한가 사태의 진원지로 지목된 차액결제거래(CFD) 리스크 관리 강화를 주문했다. 금감원은 28일 여의도 금융투자협회 대회,1682647204000,https://mimgnews.pstatic.net/image/origin/277/2023/04/28/5252302.jpg,1,jCcNnsJNvcXNmNh8,news_sec_v2.0,DEFAULT
101,880000FF_000000000000000005004316,0005004316,014,파이낸셜뉴스,고용노동부장관 ·금융감독원장이 미래에셋證 방문한 까닭은,고용노동부장관과 금융감독원장이 미래에셋증권을 방문해 사적연금의 한축으로 자리잡은 노후 퇴직연금 역할에 대한 중요성을 당부했다. 28일 미래에셋증권에 따르면 이날 오전 이정식 고용노동부 장관과 이복현 금감원장은 퇴직연,1682647204000,https://mimgnews.pstatic.net/image/origin/014/2023/04/28/5004316.jpg,1,ajJiGnJg315RpktK,news_sec_v2.0,DEFAULT
101,880000BC_000000000000000005123073,0005123073,009,매일경제,28개월만에 거래재개된 KG모빌리티...장중 급등,전날 상장유지 결정이 내려진 KG모빌리티(옛 쌍용차) 주가가 장 시작과 함께 급등했다. KG모빌리티의 주식 거래가 재개된 것은 2년4개월 만이다. 28일 오전 9시20분 KG모빌리티는 전 거래일 대비 20.32% 상,1682647201000,https://mimgnews.pstatic.net/image/origin/009/2023/04/28/5123073.jpg,1,jCcNnsJNvcXNmNh8,news_sec_v2.0,DEFAULT
101,88127058_000000000000000000897567,0000897567,366,조선비즈,"힐스테이트 평택 화양, 선착순 계약 진행중... “화양지구 내 유일 오션뷰 조망”",조경 면적 40% 이상 배치 평택항 인근 산업단지와 가까워 현대엔지니어링이 경기도 평택시 일원에 공급하는 ‘힐스테이트 평택 화양’이 선착순 동·호 지정 계약을 진행중이라고 28일 밝혔다. 힐스테이트 평택 화양은 지하,1682647149000,https://mimgnews.pstatic.net/image/origin/366/2023/04/28/897567.jpg,1,jCcNnsJNvcXNmNh8,news_sec_v2.0,DEFAULT
101,8817cacd_000000000000000000056802,0000056802,586,시사저널,서울 공시지가 14년 만에 하락…명동 네이처리퍼블릭 땅값 1위 유지,전년 대비 평균 5.56%↓…25개 자치구 모두 하락 주거지역 최고는 서초 아리팍…1㎡에 2780만원 올해 서울 25개 자치구의 땅값이 모두 지난해보다 떨어진 것으로 나타났다. 28일 서울시는 올해 1월1일을 기준으,1682647146000,https://mimgnews.pstatic.net/image/origin/586/2023/04/28/56802.jpg,1,jCcNnsJNvcXNmNh8,news_sec_v2.0,DEFAULT
101,880000E7_000000000000000005474474,0005474474,018,이데일리,"포스코퓨처엠, 첫 하이니켈 NCA 양극재 전용 공장 착공",포스코퓨처엠(옛 포스코케미칼)이 첫 하이니켈 NCA(니켈·코발트·알루미늄) 양극재 전용 공장을 착공했다. 포스코퓨처엠(003670)은 28일 경북 포항 영일만 4일반산업단지에서 하이니켈 NCA 양극재 전용 공장 착공,1682647141000,https://mimgnews.pstatic.net/image/origin/018/2023/04/28/5474474.jpg,1,jCcNnsJNvcXNmNh8,news_sec_v2.0,DEFAULT
101,880003A5_000000000000000000043765,0000043765,293,블로터,"美항공업계, 경기 침체 우려에도 여름 휴가철 수요 급증 전망","미국 항공사들이 여름 성수기에 접어들며 수요 증가와 수익성 개선을 기대하고 있다고 27일(현지시간) <월스트리트저널(WSJ)>이 보도했다. WSJ에 따르면 대부분의 미국 항공사들은 경기 침체 우려, 해고와 지속되는 ",1682647141000,https://mimgnews.pstatic.net/image/origin/293/2023/04/28/43765.jpg,1,jCcNnsJNvcXNmNh8,news_sec_v2.0,DEFAULT
101,88000107_000000000000000004838459,0004838459,015,한국경제,'핫플' 떠오르는 경주에 유니클로 첫 매장 오픈,경주에 유니클로 첫 매장이 들어선다. 제조·직매형 의류(SPA) 유니클로가 황리단길 등 젊은 관광객들의 새로운 여행 성지로 떠오르고 있는 경주에 첫 유니클로 매장을 오픈한다고 28일 밝혔다. 경주시 황성동에 위치한 ,1682647141000,https://mimgnews.pstatic.net/image/origin/015/2023/04/28/4838459.jpg,1,tjNC0w26jIT0Xw7I,news_sec_v2.0,DEFAULT
101,08138263_000000000000000006776231,0006776231,421,뉴스1,"SK바이오사이언스 ""5년간 2.4조 공격 투자""…새 백신·CDMO 경쟁력↑","""지금부터 5년간이 SK바이오사이언스의 미래를 좌우할 시기라고 판단했습니다. 안정적 성장을 이어갈 수도 있지만, 저희는 2조4000억원이라는 공격적 투자로 신규 사업과 인수합병 등을 적극 검토하고 있습니다"" 안재용 ",1682647076000,https://mimgnews.pstatic.net/image/origin/421/2023/04/28/6776231.jpg,1,jCcNnsJNvcXNmNh8,news_sec_v2.0,DEFAULT
101,880000D8_000000000000000013909980,0013909980,001,연합뉴스,'용도변경 대가 뇌물 수수' 수원시 전 도시계획위원 징역 8년,지구단위계획 용도 변경을 도와주겠다며 부동산 업자로부터 뇌물을 받은 수원시 전 도시계획위원이 징역 8년을 선고받았다. 수원지법 형사11부(신진우 부장판사)는 28일 특정범죄가중처벌법상 뇌물 혐의로 구속 기소된 A씨에,1682647056000,https://mimgnews.pstatic.net/image/origin/001/2023/04/28/13909980.jpg,1,tjNC0w26jIT0Xw7I,news_sec_v2.0,DEFAULT
101,880000E7_000000000000000005474472,0005474472,018,이데일리,"아마존, 클라우드 부문 성장 둔화 우려에 시간외서 ↓","27일(현지시간) 뉴욕증시 3대 지수는 일제히 급등세로 마감했다. 마이크로소프트와 알파벳, 메타 등 빅테크 기업들이 잇따라 호실적을 발표하면서 투자심리가 빠르게 안정을 찾은 효과다. 특히 전날 장마감 후 실적을 공개",1682647022000,https://mimgnews.pstatic.net/image/origin/018/2023/04/28/5474472.jpg,1,jCcNnsJNvcXNmNh8,news_sec_v2.0,DEFAULT
101,880000FF_000000000000000005004313,0005004313,014,파이낸셜뉴스,천연가스 가격 상승에 베팅하세요...삼성증권 레버리지 ETN 내놔,삼성증권이 천연가스 선물가격의 상승을 기대하는 투자자들의 니즈에 맞춰 '삼성 레버리지 천연가스 선물 ETN C'를 28일 신규 상장한다. 상품의 기초지수는 DJCI Natural Gas 2X Leveraged TR ,1682647022000,https://mimgnews.pstatic.net/image/origin/014/2023/04/28/5004313.jpg,1,IijThwXIbFeUwJKa,news_sec_v2.0,DEFAULT
101,8800010E_000000000000000002136658,0002136658,016,헤럴드경제,"대웅제약, 美에 자가면역질환약 6400억 기술수출",대웅제약(대표 전승호·이창재)이 자가면역질환 신약 후보물질(DWP213388)을 미국에 6400억원에 기술수출 한다. 대웅은 지난 27일(현지시간) 미국 보스턴에서 열린 ‘한·미 디지털·바이오헬스 비즈니스포럼’에서 ,1682647021000,https://mimgnews.pstatic.net/image/origin/016/2023/04/28/2136658.jpg,1,jCcNnsJNvcXNmNh8,news_sec_v2.0,DEFAULT
101,88213rx9_000000000000000000015914,0000015914,648,비즈워치,"급증한 CFD…금감원, 과도한 고객이벤트 자제 권고","최근 소시에테제네랄(SG)증권에서 매도물량이 집중적으로 나오면서 선광, 대성홀딩스, 다우데이타, 삼천리, 서울가스 등 일부 종목들이 연일 하한가를 기록한 바 있다. 이른바 SG증권 발 폭락사태에 특정 주가조작 세력이",1682647021000,https://mimgnews.pstatic.net/image/origin/648/2023/04/28/15914.jpg,1,jCcNnsJNvcXNmNh8,news_sec_v2.0,DEFAULT
101,88127058_000000000000000000897565,0000897565,366,조선비즈,"코스피, 장중 2510선 등락…시총 상위株 강세",삼전·하이닉스 1%대 상승…에코프로는 8%↑ 코스피지수가 장중 2510선에서 오르내리고 있다. 코스피 시가총액 상위 50개 종목 가운데 보합권에 있는 2개 종목을 제외하고 39개 종목이 상승하고 있다. 간밤 뉴욕 증,1682646923000,https://mimgnews.pstatic.net/image/origin/366/2023/04/28/897565.jpg,1,Lzv8ZAEVNT1UaTzv,news_sec_v2.0,DEFAULT
101,88127058_000000000000000000897564,0000897564,366,조선비즈,"금감원, 증권사 CEO 소집해 “CFD 권유 시 주의 기울여 달라”",금융감독원이 차액결제거래(CFD) 등 레버리지 투자를 경고하고 나섰다. 반대 매매가 발생할 경우 시장 변동성이 확대된다는 이유에서다. 금감원은 증권사들에 레버리지 상품과 관련한 리스크 관리에 힘써달라고 당부했다. 2,1682646907000,https://mimgnews.pstatic.net/image/origin/366/2023/04/28/897564.jpg,1,SKZH2FW07xg20jKZ,news_sec_v2.0,DEFAULT
101,88000106_000000000000000000065190,0000065190,050,한경비즈니스,"'주가조작설' 라덕연 ""나도 수십 수백억 잃어…폭락 배후 따로 있다""",소시에테제네랄(SG)증권발 주가 폭락 사태와 주가조작 의혹의 핵심 인물로 지목된 투자자문업체 대표 라덕연씨가 이번 주가 폭락 사태의 배후가 따로 있다고 주장했다. 그는 각 방송사 및 언론사와 인터뷰를 이어가며 적극 ,1682646901000,https://mimgnews.pstatic.net/image/origin/050/2023/04/28/65190.jpg,1,jCcNnsJNvcXNmNh8,news_sec_v2.0,DEFAULT
101,880003A5_000000000000000000043764,0000043764,293,블로터,"SK바이오사이언스, 5년간 2.4조원 어디에 투자하나",SK바이오사이언스가 백신·바이오 분야의 글로벌 선두권 기업으로 도약하기 위해 향후 5년간 약 2조4000억원을 투자한다. 이는 지난 5년간 투자금액의 5배에 달하는 규모다. SK바이오사이언스는 28일 서울 중구 한국,1682646901000,https://mimgnews.pstatic.net/image/origin/293/2023/04/28/43764.jpg,1,jCcNnsJNvcXNmNh8,news_sec_v2.0,DEFAULT
101,880000D8_000000000000000013909966,0013909966,001,연합뉴스,"빌 게이츠 자산, MS 주가 급등에 하루 새 2.7조 늘어",마이크로소프트(MS)가 시장의 예상을 뛰어넘는 분기 실적을 발표하면서 주가가 급등해 이 회사의 공동창업자 빌 게이츠의 자산도 하루 새 20억 달러(약 2조7천억 원)나 늘어났다. 27일(현지시간) 폭스 뉴스에 따르면,1682646864000,https://mimgnews.pstatic.net/image/origin/001/2023/04/28/13909966.jpg,1,p2iNuc6ymZYeFbhZ,news_sec_v2.0,DEFAULT
101,880000C2_000000000000000004881130,0004881130,008,머니투데이,"국내 35개 증권사 대표 소집한 금감원, CFD 신규 고객 유치 지양 당부","황현순 키움증권 대표 참석 ""우연의 일치"" 해명 금융감독원이 국내 35개 증권사 최고경영자(CEO)들을 불러 차액결제거래(CFD) 등 레버리지 거래 자제를 당부했다. 기초자산에 따라 증거금률을 차단하거나 과도한 고객",1682646852000,https://mimgnews.pstatic.net/image/origin/008/2023/04/28/4881130.jpg,1,JtrvNHjibcLTnWEI,news_sec_v2.0,DEFAULT
101,880000C2_000000000000000004881129,0004881129,008,머니투데이,"[단독]SG發 셀럽 주식방 게이트, 남녀 프로골퍼 핵심역할","라 회장, 골프 스튜디오 이사로도 참여 주가조작 의혹이 불거진 'SG증권(소시에테제네랄)발 주가폭락 사태와 관련해 남녀 프로골퍼들이 다수 연루된 것으로 확인됐다. 대회보다는 레슨프로로 활동하는 이들은 이번 게이트에 ",1682646800000,https://mimgnews.pstatic.net/image/origin/008/2023/04/28/4881129.jpg,1,jCcNnsJNvcXNmNh8,news_sec_v2.0,DEFAULT
101,88127058_000000000000000000897562,0000897562,366,조선비즈,1분기 승용차 수출 154억달러 ‘역대 최대’… 전년比 41% 증가,친환경차 최대 실적…수출 60억弗 68% 늘어 올해 1분기(1~3월) 우리나라의 승용차 수출액이 1년 전보다 40% 이상 늘어나며 역대 최대 실적을 달성했다. 특히 친환경차 수출이 70%가량 급증하면서 경기 둔화 시,1682646781000,https://mimgnews.pstatic.net/image/origin/366/2023/04/28/897562.jpg,1,Lzv8ZAEVNT1UaTzv,news_sec_v2.0,DEFAULT
101,88000107_000000000000000004838455,0004838455,015,한국경제,"尹·머스크 만난지 하루 만에…""테슬라코리아 대표 교체""",윤석열 대통령이 지난 26일(현지시간) 일론 머스크 테슬라 최고경영자(CEO)를 만난 지 하루 만에 테슬라코리아 대표가 교체됐다는 보도가 나왔다. IT 전문 매체 더 인포메이션은 27일 내부 소식통을 인용해 테슬라 ,1682646781000,https://mimgnews.pstatic.net/image/origin/015/2023/04/28/4838455.jpg,1,jCcNnsJNvcXNmNh8,news_sec_v2.0,DEFAULT
101,8800006B_000000000000000003220285,0003220285,032,경향신문,"금감원, ‘주가 폭락 사태’에 증권사 소집 “리스크 관리 강화” 당부",금융감독원이 최근 일부 종목의 주가 폭락 사태와 관련해 국내 증권사에 위험(리스크) 관리 강화를 당부했다. 금감원은 28일 서울 여의도 금융투자협회 대회의실에서 함용일 자본시장·회계 부원장 주재로 ‘증권업계 시장 현,1682646781000,https://mimgnews.pstatic.net/image/origin/032/2023/04/28/3220285.jpg,1,XLHTCEux7yEV0Cal,news_sec_v2.0,DEFAULT
101,880000F1_000000000000000002303932,0002303932,123,조세일보,'자녀 빚' 부모가 갚아도 증여세 안물려?…전혀 아닙니다,#. '자녀가 대출받고 부모가 대신 상환해주면 세금을 내지 않고도 증여가 가능합니다.' 한 미디어에서는 이러한 절세법을 소개했다. 채무면제에 따른 증여세는 '연대납세의무'가 적용되지 않는 점을 이용하면 증여세를 내지,1682646723000,https://mimgnews.pstatic.net/image/origin/123/2023/04/28/2303932.jpg,1,jCcNnsJNvcXNmNh8,news_sec_v2.0,DEFAULT
101,88000149_000000000000000001098395,0001098395,215,한국경제TV,"""임대차 기간 길고, 높은 수요""…대안 투자처로 뜨는 '이곳'","한국투자공사(KIC)는 런던지사 주관으로 현지시간 27일 라이프 사이언스 부동산을 주제로 제21차 '런던 국제금융협의체'를 개최했다고 28일 밝혔다. 회의에는 주영한국대사관 재경관을 포함해 정부, 공공 투자기관, 증",1682646714000,https://mimgnews.pstatic.net/image/origin/215/2023/04/28/1098395.jpg,1,xFJp61FqwC992iqn,news_sec_v2.0,DEFAULT
101,8811AD97_000000000000000000333661,0000333661,374,SBS Biz,"롯데百, '잠실보다 크게' 인천점 새로 짓는다","롯데백화점이 인천터미널 부지를 개발해 인천점을 새로 짓습니다. 오늘(28일) 롯데백화점에 따르면, 인천점 새 점포가 들어설 곳은 인천터미널의 연면적 35만여㎡(약 10만5000평) 부지입니다. 백화점 영업면적만 기준",1682646661000,https://mimgnews.pstatic.net/image/origin/374/2023/04/28/333661.jpg,1,jCcNnsJNvcXNmNh8,news_sec_v2.0,DEFAULT
101,880000E7_000000000000000005474446,0005474446,018,이데일리,"애물단지된 스팩, 주가 1달러 미만 '뚝'…파산·매각도 잇따라",코로나19 팬데믹 기간 많은 인기를 누렸던 기업인수목적회사(SPAC·스팩) 중 상당수가 ‘페니 주식’(penny stocks)으로 전락했다고 월스트리트저널(WSJ)이 26일(현지시간) 보도했다. 페니 주식은 주당 1,1682646615000,https://mimgnews.pstatic.net/image/origin/018/2023/04/28/5474446.jpg,1,jCcNnsJNvcXNmNh8,news_sec_v2.0,DEFAULT
101,8800006F_000000000000000001604704,0001604704,005,국민일보,'SG 매물폭탄' 종목 5연속 하한가 탈출... 대부분 상승 전환,외국계 증권사 소시에테제네랄(SG) 증권발 대량 매물로 연일 급락하던 종목들이 28일 하한가에서 벗어났다. 공포에 빠진 증시도 이틀 연속 소폭 상승하며 최악의 하방 압력에서 벗어난 분위기다. 한국거래소에 따르면 이날,1682646603000,https://mimgnews.pstatic.net/image/origin/005/2023/04/28/1604704.jpg,1,jCcNnsJNvcXNmNh8,news_sec_v2.0,DEFAULT
101,880000C2_000000000000000004881125,0004881125,008,머니투데이,"""부분 파업부터"" 의료연대, 오후 2시경 총파업 일정 발표",간호법 제정안과 의료법 개정안이 지난 27일 국회 본회의의 문턱을 넘은 가운데 이 두 법안을 반대해온 대한의사협회 등 보건복지의료연대가 '총파업을 하되 부분 파업부터 시작하기로' 가닥을 잡았다. 구체적인 시기와 방법,1682646505000,https://mimgnews.pstatic.net/image/origin/008/2023/04/28/4881125.jpg,1,jCcNnsJNvcXNmNh8,news_sec_v2.0,DEFAULT
101,8812805E_000000000000000000916809,0000916809,417,머니S,"""G80 타고 티맵 쓰면 보험료 15%↓""… 현대해상, 車보험 숨겨진 비밀",현대해상이 티맵모빌리티와 업무제휴를 통해 TMAP의 이용자들도 보험료 할인을 받을 수 있도록 안전운전할인 특약(UBI) 가입대상을 확대했다고 28일 밝혔다. 오는 6월 1일 이후 책임개시 되는 계약부터 TMAP을 사,1682646451000,https://mimgnews.pstatic.net/image/origin/417/2023/04/28/916809.jpg,1,HSx9s2inzT9zZhWM,news_sec_v2.0,DEFAULT
101,88000108_000000000000000004184524,0004184524,011,서울경제,의정부 고산지구 화룡점정 '의정부 고산 수자인 디에스티지' 풍부한 개발·교통호재로 미래가치 기대,"약 1만 세대 규모로 조성되는 의정부 고산지구를 중심으로 대규모 개발사업과 교통망 확충이 진행되는 가운데, 고산지구의 마지막 퍼즐인 '의정부 고산 수자인 디에스티지'가 5월 입주를 앞둬 이목이 집중되고 있다. 한양과",1682646424000,https://mimgnews.pstatic.net/image/origin/011/2023/04/28/4184524.jpg,1,jCcNnsJNvcXNmNh8,news_sec_v2.0,DEFAULT
101,8800010E_000000000000000002136640,0002136640,016,헤럴드경제,"포스코퓨처엠, 하이니켈 NCA 양극재 전용 공장 착공…“새로운 시작점”","포스코퓨처엠이 28일 경북 포항 영일만 4일반산업단지에서 첫 하이니켈 NCA 양극재 전용 공장의 착공식을 개최했다고 밝혔다. 이날 현장에는 김준형 사장, 포스코이앤씨 김민철 플랜트사업본부장, 포스코DX 김명남 포항E",1682646422000,https://mimgnews.pstatic.net/image/origin/016/2023/04/28/2136640.jpg,1,JtrvNHjibcLTnWEI,news_sec_v2.0,DEFAULT
101,08138263_000000000000000006776191,0006776191,421,뉴스1,"""43억 입금하세요"" 증권사, CFD 반대매매에 수십억 청구서 날린다",차액결제거래(CFD)가 촉발시킨 무더기 하한가 사태로 투자자들이 수십억원에 달하는 청구서를 받아들고 있다. CFD 반대매매 물량이 시장에서 소화되지 않으면서 손실이 무한대로 커지고 있기 때문이다. 고객이 차액 정산을,1682646398000,https://mimgnews.pstatic.net/image/origin/421/2023/04/28/6776191.jpg,1,jCcNnsJNvcXNmNh8,news_sec_v2.0,DEFAULT
101,08138263_000000000000000006776190,0006776190,421,뉴스1,"삼성 한진만 부사장, 美서 반도체 리더들과 협력 논의",한진만 삼성전자(005930) DS(반도체)부문 미주총괄(DSA) 부사장이 미국 현지에서 반도체 업계 리더들을 만나 반도체 생태계 및 비즈니스에 대해 논의했다. 한 부사장은 27일(현지시간) 삼성전자 DSA 본사에서,1682646387000,https://mimgnews.pstatic.net/image/origin/421/2023/04/28/6776190.jpg,1,jCcNnsJNvcXNmNh8,news_sec_v2.0,DEFAULT
101,880000FF_000000000000000005004304,0005004304,014,파이낸셜뉴스,탄소 포집 국내 첫 해상 실증..HMM·삼성중공업 등 협력,조선·해운업계 탄소 저감 국산 기술 확보를 위해 힘을 모았다. 28일 HMM·삼성중공업·파나시아·한국선급 등 4개사는 선박 이산화탄소 포집·액화 저장기술(OCCS) 통합실증 연구를 위한 업무 협약을 체결했다고 밝혔다,1682646370000,https://mimgnews.pstatic.net/image/origin/014/2023/04/28/5004304.jpg,1,IijThwXIbFeUwJKa,news_sec_v2.0,DEFAULT
101,881999s8_000000000000000000214253,0000214253,629,더팩트,손석구 발탁하고 팝업스토어 열고…하이트진로 '켈리' 마케팅 본격화,"서울 강남역 이어 대구, 부산 등에 팝업스토어 확대 하이트진로가 지난 4일 출시한 레귤러 맥주 신제품 '켈리'의 시음 팝업스토어를 오픈하는 등 본격적인 마케팅 활동에 돌입했다. 하이트진로는 지난 20일 서울 강남역 ",1682646364000,https://mimgnews.pstatic.net/image/origin/629/2023/04/28/214253.jpg,1,HSx9s2inzT9zZhWM,news_sec_v2.0,DEFAULT
101,08138263_000000000000000006776177,0006776177,421,뉴스1,'주가조작·과도한 빚투' 해결 위해 금감원-증권사CEO 머리 맞댄다,주가조작 혐의까지 불거진 SG증권발(發) 무더기 하한가 사태와 관련해 금융감독원이 국내 증권사 경영진과 시장현안 소통회의를 개최했다. 28일 서울 여의도 금융투자협회에서 열린 이번 회의는 함용일 자본시장&#8228;,1682646320000,https://mimgnews.pstatic.net/image/origin/421/2023/04/28/6776177.jpg,1,jCcNnsJNvcXNmNh8,news_sec_v2.0,DEFAULT
101,880000AD_000000000000000002797618,0002797618,029,디지털타임스,전세사기 등 `대규모 재산범죄 가중처벌법` 나오나,"與 유상범 ""전세사기, 서민·청년 생존 위협 중대범죄…상응하는 처벌 필요"" ""서민·청년을 대상으로 한 전세사기는 생존을 위협하는 중대범죄 행위로 상응하는 처벌이 필요하다. 정부와 국민의힘이 함께 추진하는 법안인 만큼",1682646309000,https://mimgnews.pstatic.net/image/origin/029/2023/04/28/2797618.jpg,1,Lzv8ZAEVNT1UaTzv,news_sec_v2.0,DEFAULT
101,880002EC_000000000000000000044101,0000044101,243,이코노미스트,‘강남 납치·살해’ 3인조·부부 구속기소…“6개월 전부터 계획”,"서울중앙지검 전담수사팀(팀장 김수민 형사3부장)은 28일 ‘강남·납치 살해’ 사건의 주범 이경우(36), 황대한(36), 연지호(30)와 이들과 범행을 공모한 유상원·황은희 부부를 구속기소했다. 이씨 등 3인조는 지",1682646181000,https://mimgnews.pstatic.net/image/origin/243/2023/04/28/44101.jpg,1,jCcNnsJNvcXNmNh8,news_sec_v2.0,DEFAULT
101,880000D8_000000000000000013909939,0013909939,001,연합뉴스,대마도행 여객선 승객수 제한 해제…팬스타 425명 승선 가능,일본 정부 코로나 규제 추가 완화하면 주중 매일 운항 할 듯 이번 주말부터 운항하는 부산~대마도 항로 국제여객선의 승객수 제한이 없어진다. 팬스타라인닷컴은 일본 대마도 시 관계자가 29일부터 승객 제한을 완화한다는 ,1682646155000,https://mimgnews.pstatic.net/image/origin/001/2023/04/28/13909939.jpg,1,jCcNnsJNvcXNmNh8,news_sec_v2.0,DEFAULT
101,880000E7_000000000000000005474397,0005474397,018,이데일리,"주가조작 후폭풍…금감원, 증권사 CFD 판매에 '경고'","금융감독원이 증권사의 차액결제거래(CFD) 리스크 관리를 강조하고 나섰다. 증권사의 CFD가 소시에테제네랄(SG)증권발(發) 주가 폭락 사태를 증폭시키고, 주가조작 통로로 악용됐다는 판단에서다. 금감원은 28일 서울",1682646123000,https://mimgnews.pstatic.net/image/origin/018/2023/04/28/5474397.jpg,1,tjNC0w26jIT0Xw7I,news_sec_v2.0,DEFAULT
101,8800010E_000000000000000002136635,0002136635,016,헤럴드경제,"‘페이커’ 이상혁, 벤츠 전기차 ‘AMG EQE 53’ 오너 된다","메르세데스-벤츠 코리아가 SK텔레콤 T1과 스폰서십 계약을 체결하고, 오는 5월부터 T1 리그오브레전드(이하 T1)팀을 공식 후원한다고 28일 밝혔다. 이번 스폰서십 체결은 메르세데스-벤츠 코리아가 e스포츠 구단과 ",1682646121000,https://mimgnews.pstatic.net/image/origin/016/2023/04/28/2136635.jpg,1,jCcNnsJNvcXNmNh8,news_sec_v2.0,DEFAULT
101,88000149_000000000000000001098392,0001098392,215,한국경제TV,"美 1분기 GDP 반토막...월가 ""경기 침체가 다가오고 있다""",미국의 1분기 국내총생산(GDP) 증가율이 1.1%를 기록해 전망치의 거의 절반을 밑돈 가운데 월가에서는 미국에 경기 침체가 다가오고 있다는 진단이 잇따르고 있다. 27일(현지시간) CNBC에 따르면 판테온 매크로이,1682646094000,https://mimgnews.pstatic.net/image/origin/215/2023/04/28/1098392.jpg,1,jCcNnsJNvcXNmNh8,news_sec_v2.0,DEFAULT
101,08138263_000000000000000006776150,0006776150,421,뉴스1,아파트 수요 회복세…반년 만에 매매 수급지수 80선,최근 거래량이 늘어나며 급매물이 소진되는 가운데 전국 아파트 매수심리가 25주 만에 80선을 회복했다. 28일 한국부동산원에 따르면 4월 넷째 주(24일 기준) 전국 아파트 매매수급지수는 80.3으로 지난주(79.3,1682646089000,https://mimgnews.pstatic.net/image/origin/421/2023/04/28/6776150.jpg,1,xFJp61FqwC992iqn,news_sec_v2.0,DEFAULT
101,88000107_000000000000000004838452,0004838452,015,한국경제,"""애플·TSMC보다 현금 많다""…'100조 실탄' 장전한 삼성전자 [김익환의 컴퍼니워치]",삼성전자의 현금 보유액이 100조원을 웃도는 것으로 나타났다. 경쟁업체인 애플·TSMC의 두 배 수준에 육박했다. 이 회사가 보유한 현금은 한국 기업이 보유한 총현금(564조6656억원)의 10% 수준에 달했다. 넉,1682646078000,https://mimgnews.pstatic.net/image/origin/015/2023/04/28/4838452.jpg,1,jCcNnsJNvcXNmNh8,news_sec_v2.0,DEFAULT
101,880000BC_000000000000000005123064,0005123064,009,매일경제,"‘동서고속화철도’, ‘동해북부선’ 품은 강원도 양양에 관광객 몰려든다","동서고속화철도, 동해북부선 오는 2027년 개통 예정…전국에서 다양한 관광객 유입 기대 쾌적한 자연환경과 ‘워케이션’ ‘멀티 어드레스’ 성지로 거듭…‘인스케이프 양양 by 파르나스’ 공급 눈길 강원도 양양이 다양한 ",1682646069000,https://mimgnews.pstatic.net/image/origin/009/2023/04/28/5123064.jpg,1,jCcNnsJNvcXNmNh8,news_sec_v2.0,DEFAULT
101,88000385_000000000000000005252279,0005252279,277,아시아경제,"티웨이항공, 동남아 하늘길 확장…방콕 돈므앙 신규 취항","티웨이항공이 동남아 노선 하늘길을 추가로 넓힌다. 티웨이항공은 청주~돈므앙, 인천~돈므앙 노선을 추가로 신규 취항했다고 28일 밝혔다. 이번 신규 취항을 통해 티웨이항공은 기존 인천~수완나품, 대구~수완나품 노선에 ",1682646061000,https://mimgnews.pstatic.net/image/origin/277/2023/04/28/5252279.jpg,1,tjNC0w26jIT0Xw7I,news_sec_v2.0,DEFAULT
101,88000106_000000000000000000065189,0000065189,050,한경비즈니스,"1분기 스팸 문자, '주식 투자'가 가장 많았다","스팸 차단 애플리케이션 '후후'를 제공하는 브이피(사장 김진국)가 2023년 1분기 후후 이용자들이 신고한 스팸 통계를 28일 발표했다. 총 스팸신고 건수는 이전 분기보다 큰 폭으로 감소한 634만건으로, 설 연휴 ",1682646061000,https://mimgnews.pstatic.net/image/origin/050/2023/04/28/65189.jpg,1,jCcNnsJNvcXNmNh8,news_sec_v2.0,DEFAULT
101,880000CE_000000000000000001209759,0001209759,082,부산일보,국세청 ‘상속·증여 세금상식’ 발간…“일반 국민 이해쉽게 제작”,국세청이 상속세와 증여세에 대한 정확한 정보를 일반 국민들에게 알리기 위해 ‘상속·증여 세금상식’이라는 자료를 발간했다. 국세청은 28일 “이제는 일반 국민들도 예기치 못하게 상속세 및 증여세 납부대상이 될 가능성이,1682646061000,https://mimgnews.pstatic.net/image/origin/082/2023/04/28/1209759.jpg,1,IijThwXIbFeUwJKa,news_sec_v2.0,DEFAULT
101,88000127_000000000000000011830258,0011830258,003,뉴시스,"용산정비창 일대, 토지거래허가구역 1년 연장",기사내용 요약 한강로동·이촌2동 일대 13개 지역 0.77㎢ 규모 내년 5월19일까지 1년간 재지정…세 번째 연장 [서울=뉴시스] 고가혜 기자 = 서울 용산 철도정비창 부지 일대가 토지거래 허가구역으로 재지정됐다. ,1682646055000,https://mimgnews.pstatic.net/image/origin/003/2023/04/28/11830258.jpg,1,wSujnm1NqwpZie9N,news_sec_v2.0,DEFAULT
101,880000FF_000000000000000005004297,0005004297,014,파이낸셜뉴스,"기준금리 91%, 미국보다 18배 높은 국가는?",만성적인 재정적자에 코로나19 이후 심각한 경제난을 겪고 있는 아르헨티나의 중앙은행이 기준금리를 91%까지 끌어올렸다. 미국의 연방 기준금리가 4.75~5.00%인 것을 고려하면 18배나 높은 수준이다. 아르헨티나 ,1682646018000,https://mimgnews.pstatic.net/image/origin/014/2023/04/28/5004297.jpg,1,jCcNnsJNvcXNmNh8,news_sec_v2.0,DEFAULT
101,880000AD_000000000000000002797616,0002797616,029,디지털타임스,"""1년 더"" 용산정비창 일대 토지거래허가구역 재지정…세번째 연장",서울 용산 철도정비창 부지 일대가 토지거래허가구역으로 재지정됐다. 1년 단위인 지정 기간을 세 번째 연장한 것. 이를 해제할 경우 집값 자극 우려가 있기 때문인 것으로 분석된다. 국토교통부는 용산정비창 부지와 인근 ,1682646010000,https://mimgnews.pstatic.net/image/origin/029/2023/04/28/2797616.jpg,1,jCcNnsJNvcXNmNh8,news_sec_v2.0,DEFAULT
101,880000F1_000000000000000002303925,0002303925,123,조세일보,"[주가동향] KB금융, 가장 견실한 자본력 보유 평가 받아... 증권가 ‘최선호주’ 제시",KB금융이 가장 견실한 자본력을 보유하고 있다고 평가받으면서 증권가에서 금융권 내 '최선호주'로 떠오르고 있다. KB금융은 28일 오전 10시경 전 거래일 대비 2.07% 오른 4만9250원에 거래중이다. 신한투자증,1682646001000,https://mimgnews.pstatic.net/image/origin/123/2023/04/28/2303925.jpg,1,jCcNnsJNvcXNmNh8,news_sec_v2.0,DEFAULT
101,880000C2_000000000000000004881118,0004881118,008,머니투데이,"정의선 회장, 윤석열 대통령 하원 연설 '직관' 포착","정의선 현대차그룹 회장이 27일(현지 시각) 워싱턴DC 미 연방하원 본회의장에서 윤석열 대통령 연설을 직관하고 있던 것이 포착됐다. 이날 정의선 회장(사진 아래에서 두번째 줄, 오른쪽 두번째)이 윤석열 대통령의 워싱",1682645985000,https://mimgnews.pstatic.net/image/origin/008/2023/04/28/4881118.jpg,1,jCcNnsJNvcXNmNh8,news_sec_v2.0,DEFAULT
101,880000D8_000000000000000013909934,0013909934,001,연합뉴스,"키움증권 사장, 김익래 회장 지분매각에 ""우연이고 공교로운 일""","SG증권 ""위탁 매매주문 실행…규제당국 현장조사 받은 적 없어"" 송은경 홍유담 기자 = 황현순 키움증권 사장은 28일 김익래 다우키움그룹 회장의 다우데이타 지분 매각과 관련 ""(매각 시점이) 공교로울 뿐 우연이다""라",1682645975000,https://mimgnews.pstatic.net/image/origin/001/2023/04/28/13909934.jpg,1,wSujnm1NqwpZie9N,news_sec_v2.0,DEFAULT
101,8811AD97_000000000000000000333658,0000333658,374,SBS Biz,"금감원,  SG증권발 사태에 증권사 CEO 호출…""리스크 관리 강화하라""",금융감독원이 증권사 사장들을 긴급 소집해 '무더기 하한가 사태'의 핵심으로 지목된 차액결제거래(CFD) 리스크 관리 강화를 주문했습니다. 금감원은 오늘(28일) 여의도 금융투자협회 대회의실에서 함용일 자본시장·회계 ,1682645946000,https://mimgnews.pstatic.net/image/origin/374/2023/04/28/333658.jpg,1,jCcNnsJNvcXNmNh8,news_sec_v2.0,DEFAULT
101,8817cacd_000000000000000000056797,0000056797,586,시사저널,[데이터뉴스] 원-달러 환율 연고점 경신…美 은행 리스크 재점화&#160;,서울 외환시장에서 달러 대비 원화 환율이 연고점을 경신하며 4월26일 장 중 1340원대에 올라섰다. 환율이 장 중 1340원을 넘어선 것은 지난해 11월28일(1340.2원) 이후 5개월여 만이다. 국내 무역수지 ,1682645944000,https://mimgnews.pstatic.net/image/origin/586/2023/04/28/56797.jpg,1,jCcNnsJNvcXNmNh8,news_sec_v2.0,DEFAULT
101,88221sgg_000000000000000000039514,0000039514,658,국제신문,"美, 한국형 원전 수출 제동…산업부 ""문제해결 노력"" 요구",우리 정부가 미국 에너지 당국과 원자력발전(원전) 협력 체계를 강화하기로 합의했다. 이와 별도로 정부는 차세대 한국형 원전인 ‘ARP1400’의 체코 수출이 미국 측 제동으로 지체된 것과 관련해 문제 해결 노력을 요,1682645881000,https://mimgnews.pstatic.net/image/origin/658/2023/04/28/39514.jpg,1,jCcNnsJNvcXNmNh8,news_sec_v2.0,DEFAULT
101,88127058_000000000000000000897553,0000897553,366,조선비즈,"코오롱, 티슈진에 또 400억원 지원… ‘이웅열의 넷째’는 언제 홀로 설까","골관절염 치료제, 美서 3상 임상중 코오롱티슈진이 세포 유전자 기술 기반 골관절염 치료제 TG-C(인보사)의 미국내 임상 3상 투약에 속도를 내고, 사용범위 확대도 추진하는 가운데 최대주주인 코오롱이 또 한 차례 4",1682645881000,https://mimgnews.pstatic.net/image/origin/366/2023/04/28/897553.jpg,1,jCcNnsJNvcXNmNh8,news_sec_v2.0,DEFAULT
101,880000D8_000000000000000013909925,0013909925,001,연합뉴스,인천 개별공시지가 5.69% 하락…전체 땅값 361조,올해 인천지역 개별공시지가가 정부의 공시가격 현실화 조치에 따라 지난해보다 5.69% 떨어졌다. 인천시는 총 63만5천434필지의 토지가격을 결정·공시했다고 28일 밝혔다. 인천의 전체 땅값 규모는 지난해 380조원,1682645841000,https://mimgnews.pstatic.net/image/origin/001/2023/04/28/13909925.jpg,1,xFJp61FqwC992iqn,news_sec_v2.0,DEFAULT
101,881999s8_000000000000000000214250,0000214250,629,더팩트,"KG모빌리티, 2년4개월 만 거래 재개…장 초반 20% 급등",거래소 기심위 상장 유지 결정…28일부터 주식 매매거래 재개 법원 기업회생절차로 주권 매매거래가 정지됐던 KG 모빌리티(구 쌍용자동차)의 상장 유지가 결정돼 28일부터 거래가 재개됐다. 거래 재개 첫날 KG 모빌리티,1682645822000,https://mimgnews.pstatic.net/image/origin/629/2023/04/28/214250.jpg,1,jCcNnsJNvcXNmNh8,news_sec_v2.0,DEFAULT
101,88221sgg_000000000000000000039512,0000039512,658,국제신문,부산-대마도여객선 29일부터 주말 승객수 제한 없어져,29일부터 주말에 운항하는 부산~대마도 항로 국제여객선의 승객 수 제한이 없어진다. 팬스타라인닷컴은 대마도 시가 승객 제한 완화 방침을 통보해 왔다고 28일 밝혔다. 팬스타라인닷컴이 운항하는 고속선 쓰시마링크호는 선,1682645821000,https://mimgnews.pstatic.net/image/origin/658/2023/04/28/39512.jpg,1,HSx9s2inzT9zZhWM,news_sec_v2.0,DEFAULT
101,8800010E_000000000000000002136629,0002136629,016,헤럴드경제,"'간호법'에 의료대란 우려 점증...복지부, '긴급상황점검반' 구성",의료대란 가능성이 커지고 있다. 간호법 제정안이 국회 본회의에서 의결되면서 대한의사협회 등 13개 보건의료직역 단체들이 총파업 등 수위 높은 투쟁에 나서겠다고 예고했기 때문이다. 정부는 국민과 의료 현장에서의 혼란을,1682645768000,https://mimgnews.pstatic.net/image/origin/016/2023/04/28/2136629.jpg,1,jCcNnsJNvcXNmNh8,news_sec_v2.0,DEFAULT
101,880000ED_000000000000000003760638,0003760638,023,조선일보,"LG유플, ‘접속장애’ 피해 보상...소상공인 한달 요금 감면","올해 초 두 차례의 인터넷 접속 장애가 발생한 LG유플러스가 개인 고객 장애 시간의 10배 요금 감면, 소상공인 한 달 요금 감면 등 내용이 담긴 보상안을 28일 발표했다. 이번 보상은 올 1~2월 LG유플러스의 유",1682645768000,https://mimgnews.pstatic.net/image/origin/023/2023/04/28/3760638.jpg,1,jCcNnsJNvcXNmNh8,news_sec_v2.0,DEFAULT
101,880000F2_000000000000000003276580,0003276580,025,중앙일보,올해 들어 집에서 가장 많이 마셨다…1위 찍은 맥주는,올해 1분기 국내 가정용 맥주 시장에서 가장 많이 판매된 제품은 오비맥주의 카스인 것으로 나타났다. 28일 오비맥주와 시장조사기관 닐슨코리아에 따르면 1분기 편의점과 대형마트 등 가정시장에서 카스의 점유율이 42.8,1682645762000,https://mimgnews.pstatic.net/image/origin/025/2023/04/28/3276580.jpg,1,Lzv8ZAEVNT1UaTzv,news_sec_v2.0,DEFAULT
101,880000F1_000000000000000002303924,0002303924,123,조세일보,"CFD 잔액 2달만에 52% 급증...금감원 ""과도한 고객유치 이벤트 지양""",최근 SG증권 발(發) 무더기 하한가 사태의 주요 원인으로 차액결제거래(CFD)가 지목되고 있다. 이에 금융감독원은 증권업계에 CFD와 관련해 과도한 고객 유치 이벤트를 지양할 것을 당부했다. 금감원은 28일 금융투,1682645703000,https://mimgnews.pstatic.net/image/origin/123/2023/04/28/2303924.jpg,1,Lzv8ZAEVNT1UaTzv,news_sec_v2.0,DEFAULT
101,8812A0A8_000000000000000002707697,0002707697,119,데일리안,"증권사, SG사태 주범 CFD 신규 가입·매매 차단...리스크 관리 강화",프랑스계 증권사 소시에테제네랄(SG)발(發) 대량 매도로 인한 무더기 하한가 사태로 증권사들이 리스크 관리를 강화하고 있는 가운데 사태의 진원지로 지목 받고 있는 차액결제거래(CFD·Contract For Diffe,1682645702000,https://mimgnews.pstatic.net/image/origin/119/2023/04/28/2707697.jpg,1,jCcNnsJNvcXNmNh8,news_sec_v2.0,DEFAULT
101,880000BC_000000000000000005123057,0005123057,009,매일경제,“부담 컸는데 잘됐다”…‘가정의 달’ 5월 이커머스 행사는,이커머스 업계가 ‘가정의 달’ 5월을 맞아 할인행사에 나선다. 각종 기념일과 행사 때문에 지출이 많을 소비자들의 부담을 덜고 물가 안정에 이바지하겠다는 목표다. 28일 이커머스 업계에 따르면 티몬은 내달 한 달간 ‘,1682645701000,https://mimgnews.pstatic.net/image/origin/009/2023/04/28/5123057.jpg,1,JtrvNHjibcLTnWEI,news_sec_v2.0,DEFAULT
101,88000127_000000000000000011830210,0011830210,003,뉴시스,"삼성전자, 추가 감산 밝히자…""D램 가격 곧바로 올랐다""","기사내용 요약 ""생산량 조정"" 이어 ""하반기도 탄력 생산"" 밝혀 업계 1위의 공격적 감산 방침에 전 세계 '주목' D램 가격 0.19% 반등, '바닥 다지기' 본격화 [서울=뉴시스]이인준 기자 = ""특정 제품은 (중",1682645669000,https://mimgnews.pstatic.net/image/origin/003/2023/04/28/11830210.jpg,1,jCcNnsJNvcXNmNh8,news_sec_v2.0,DEFAULT
101,88000107_000000000000000004838447,0004838447,015,한국경제,"""차 안사요""…국내 차량구매의향지수 역대 최저 수준",지난 3월 국내 차량구매의향지수가 8개월 연속 기준치를 밑돌며 역대 최저 수준을 기록했다. 고물가·고금리에 따른 소비심리 위축과 원자재 가격 상승으로 신차 가격이 올랐기 때문이다. 28일 한국딜로이트그룹은 국가별 소,1682645641000,https://mimgnews.pstatic.net/image/origin/015/2023/04/28/4838447.jpg,1,jCcNnsJNvcXNmNh8,news_sec_v2.0,DEFAULT
101,880000BC_000000000000000005123056,0005123056,009,매일경제,"조이시티, 1Q 영업익 40억 ‘전년比 28.65%↑’","미래에셋증권 “3분기 이익 개선 본격화 전망” 조이시티(대표 조성원)가 지난 1분기에 연결기준 매출 366억원, 영업이익 40억원, 당기순이익 20억원을 기록했다. 전년동기 대비 매출은 10.98% 감소했으나 영업이",1682645641000,https://mimgnews.pstatic.net/image/origin/009/2023/04/28/5123056.jpg,1,XLHTCEux7yEV0Cal,news_sec_v2.0,DEFAULT
101,88000112_000000000000000003764599,0003764599,079,노컷뉴스,'무더기 주가 급락 사태' 진정되나…관련 종목들 주가 회복세,"최근 이어졌던 '무더기 주가 급락 사태'가 28일 장 초반 개선 기미를 보이고 있다. 이날 오전 10시 4분 기준 유가증권시장과 코스닥 시장에서 대성홀딩스와 선광 주가는 각각 0.64%, 8.29% 하락 중이다. 두",1682645641000,https://mimgnews.pstatic.net/image/origin/079/2023/04/28/3764599.jpg,1,jCcNnsJNvcXNmNh8,news_sec_v2.0,DEFAULT
101,880000D6_000000000000000000743665,0000743665,031,아이뉴스24,"HD한국조선해양, 유럽 R&D 투자에 5년간 '220억원' 투자",HD한국조선해양이 조선·해양 분야 미래기술 선점을 위해 유럽 현지 R&D 투자 확대에 나선다. HD한국조선해양은 독일 HD유럽연구센터를 중심으로 향후 5년간 1천500만 유로(약 220억원)를 투자하겠다고 28일 밝,1682645581000,https://mimgnews.pstatic.net/image/origin/031/2023/04/28/743665.jpg,1,HSx9s2inzT9zZhWM,news_sec_v2.0,DEFAULT
101,880000D8_000000000000000013909898,0013909898,001,연합뉴스,"OPEC, IEA 겨냥해 ""'원유 투자' 훼손 발언 주의해야""","OPEC 사무총장, IEA의 ""OPEC이 유가 끌어올려"" 비판에 대응 석유수출국기구(OPEC)는 27일(현지시간) 국제에너지기구(IEA)가 석유업계의 투자를 훼손하는 발언을 할 때는 ""매우 신중해야 한다""고 비판했다",1682645580000,https://mimgnews.pstatic.net/image/origin/001/2023/04/28/13909898.jpg,1,iAKxPQCZ6v2BX0U4,news_sec_v2.0,DEFAULT
101,08138263_000000000000000006776098,0006776098,421,뉴스1,[딥포커스] EU 따라가는 美…디커플링 아닌 '디리스킹' 중요도 커져,최근 미국과 중국 간 갈등이 격화하는 가운데 미국을 비롯한 서방이 '디커플링(decoupling·탈동조화)'이 아닌 '디리스킹(de-risking·위험 제거)'에 방점을 두고 있다. 무역전쟁으로 중국과 완전히 결별하,1682645578000,https://mimgnews.pstatic.net/image/origin/421/2023/04/28/6776098.jpg,1,jCcNnsJNvcXNmNh8,news_sec_v2.0,DEFAULT
101,88156f75_000000000000000000736631,0000736631,469,한국일보,LG전자의 '1분기 깜짝&#160;선전'이 유난히 눈에 띄는 까닭은,대부분 정보기술(IT) 및 전자업계가 국제 경제 침체로 인한 수요 위축 속에서 올해 1분기에 부실한 실적 성적표를 받아 들었지만 LG전자만은 시장 예측을 뛰어넘은 '깜짝' 실적을 알렸다. 특히 생활가전 분야에서 1조,1682645465000,https://mimgnews.pstatic.net/image/origin/469/2023/04/28/736631.jpg,1,jCcNnsJNvcXNmNh8,news_sec_v2.0,DEFAULT
101,8800010E_000000000000000002136627,0002136627,016,헤럴드경제,"미래에셋 찾은 이정식 장관 ""퇴직연금 적립금 관리소홀 시 엄정처리""","“근로자의 수급권을 위협하는 행위가 확인되면 금융당국과 협의해 엄정하게 처리하겠다.” 이정식 고용노동부 장관은 28일 서울 중구 미래에셋증권 본사에서 미래에셋증권 최현만 회장·이만열 사장, 퇴직연금 제도를 운용하는 ",1682645461000,https://mimgnews.pstatic.net/image/origin/016/2023/04/28/2136627.jpg,1,xFJp61FqwC992iqn,news_sec_v2.0,DEFAULT
101,88000149_000000000000000001098389,0001098389,215,한국경제TV,"[단독] ""부산에서 또""…수영동 오피스텔 대규모 깡통전세","부산 수영동에서 대규모 전세 보증금 미반환 사태가 불거진 것으로 나타났다. 28일 부동산업계에 따르면, 부산 수영구 수영동에 위치한 한 오피스텔에서 20여명의 세입자가 전세계약 만료 시점에 보증금을 돌려받지 못한 것",1682645430000,https://mimgnews.pstatic.net/image/origin/215/2023/04/28/1098389.jpg,1,jCcNnsJNvcXNmNh8,news_sec_v2.0,DEFAULT
101,880000C2_000000000000000004881109,0004881109,008,머니투데이,"bhc, 아웃백 청량리역사점 오픈...박현종 회장 '복합몰 출점' 전략 반영",종합외식기업 bhc그룹이 운영하는 다이닝 레스토랑 아웃백 스테이크하우스(이하 아웃백)가 지난 27일 서울시 동대문구 청량리역 Connect Place 4층에 '청량리역사점'을 신규 오픈했다. 교통이 편리하고 유동인구,1682645406000,https://mimgnews.pstatic.net/image/origin/008/2023/04/28/4881109.jpg,1,IijThwXIbFeUwJKa,news_sec_v2.0,DEFAULT
101,8812805E_000000000000000000916800,0000916800,417,머니S,"HD한국조선해양, 유럽 R&D센터에 5년 동안 220억원 투자… 미래기술 선점 목표",HD한국조선해양이 조선·해양 분야 미래기술 선점을 위해 유럽 현지에 연구·개발(R&D) 투자에 나선다. HD한국조선해양은 독일 HD유럽연구센터를 중심으로 5년 동안 1500만유로(약 220억원)를 투자한다고 28일 ,1682645357000,https://mimgnews.pstatic.net/image/origin/417/2023/04/28/916800.jpg,1,IijThwXIbFeUwJKa,news_sec_v2.0,DEFAULT
101,88127058_000000000000000000897550,0000897550,366,조선비즈,기재차관 “수출·투자 활력 회복 지원… 할인지원으로 농산물 값 안정 유도”,"3080억원 규모 투자 프로젝트 애로 해결 “민간 벤처모펀드 통한 출자금액 5% 세액공제” “무와 가공용 감자, 5월부터 할당관세 적용” 방기선 기획재정부 제1차관은 수출·투자 회복을 위해 세제·예산·금융 지원 등 ",1682645348000,https://mimgnews.pstatic.net/image/origin/366/2023/04/28/897550.jpg,1,xFJp61FqwC992iqn,news_sec_v2.0,DEFAULT
101,880000C2_000000000000000004881108,0004881108,008,머니투데이,또 '농약 범벅' 아보카도…페루산 제품 판매 중단,"식품의약품안전처가 잔류 농약이 기준치보다 초과 검출된 페루산 아보카도의 판매를 중단하고 회수 조치했다. 해당 아보카도는 식품위생법에 따라 회수 등급 2등급으로 분류됐다. 회수 등급은 위해 요소의 종류, 인체 건강에 ",1682645345000,https://mimgnews.pstatic.net/image/origin/008/2023/04/28/4881108.jpg,1,JtrvNHjibcLTnWEI,news_sec_v2.0,DEFAULT
101,88000108_000000000000000004184510,0004184510,011,서울경제,"남산그린빌딩, 美사모펀드 KKR 품으로",미국 사모펀드(PEF) 콜버그 크레비스 로버츠(KKR)은 서울의 중심업무지구(CBD)에 위치한 남산그린빌딩을 인수하는 계약을 체결했다고 28일 밝혔다. 잔금 납입을 거쳐 다음달께 거래를 마무리할 예정이다. 남산그린빌,1682645341000,https://mimgnews.pstatic.net/image/origin/011/2023/04/28/4184510.jpg,1,6F8q0M16uvx5LbHM,news_sec_v2.0,DEFAULT
101,880000C2_000000000000000004881106,0004881106,008,머니투데이,코로나 주간 신규 확진자 증가세…30대 발생률 가장 높아,"28일 코로나19(COVID-19) 신규 확진자는 1만3791명을 기록했다. 봄을 맞아 주간 신규 확진자가 완만한 증가세를 보여 백신 접종과 마스크 착용, 손 씻기 등 개인위생 관리에 더욱 철저한 관심이 요구된다. ",1682645275000,https://mimgnews.pstatic.net/image/origin/008/2023/04/28/4881106.jpg,1,p2iNuc6ymZYeFbhZ,news_sec_v2.0,DEFAULT
101,880000FF_000000000000000005004285,0005004285,014,파이낸셜뉴스,"박상규 SK엔무브 사장 ”전기차 시대, 경쟁우위 지속해야""",박상규 SK엔무브 사장이 ”윤활유 업계를 선도해온 역량을 바탕으로 전기차 등 향후 성장 가능성이 높은 시장에서도 경쟁우위를 지속해 나가자”고 했다. 28일 SK이노베이션에 따르면 박 사장은 최근 유럽·일본 등 현지 ,1682645235000,https://mimgnews.pstatic.net/image/origin/014/2023/04/28/5004285.jpg,1,IijThwXIbFeUwJKa,news_sec_v2.0,DEFAULT
101,88127058_000000000000000000897547,0000897547,366,조선비즈,엇갈린 공유오피스 실적… “패스트파이브 나홀로 적자”,"매출·이익 동반 성장한 ‘위워크’ 스파크플러스, 첫 흑자전환 패스트파이브, 외형 성장에 집중 지난해 공유오피스 상위 3개 업체의 실적이 엇갈린 것으로 나타났다. 위워크는 매출과 영업이익의 동반성장으로 업계 1위 자리",1682645227000,https://mimgnews.pstatic.net/image/origin/366/2023/04/28/897547.jpg,1,6F8q0M16uvx5LbHM,news_sec_v2.0,DEFAULT
101,88000112_000000000000000003764590,0003764590,079,노컷뉴스,"원희룡 ""與, 지금 총선하면 참패…이해관계 내려놓고 결과 내야""","원희룡 국토교통부 장관은 28일 ""지금 지지율 그대로 (총선을) 치르면 여당 참패""라고 말했다. 원 장관은 이날 오전 CBS라디오 '김현정의 뉴스쇼'에 출연해 총선 전망을 묻는 사회자의 질문에 이같이 답했다. 원 장",1682645225000,https://mimgnews.pstatic.net/image/origin/079/2023/04/28/3764590.jpg,1,6F8q0M16uvx5LbHM,news_sec_v2.0,DEFAULT
101,880000A9_000000000000000003494354,0003494354,020,동아일보,"오비맥주, 맥주업계 선두 유지… “카스, 코로나 이후 분기별 최고 점유율”","오비맥주 카스가 지난 1분기 신종 코로나바이러스 감염증(코로나19) 사태 이후 분기별 최고 점유율을 기록했다. 28일 오비맥주와 시장조사기관 닐슨코리아에 따르면, 카스는 1분기 가정시장에서 약 42.8% 점유율로 1",1682645222000,https://mimgnews.pstatic.net/image/origin/020/2023/04/28/3494354.jpg,1,xFJp61FqwC992iqn,news_sec_v2.0,DEFAULT
101,880000AF_000000000000000001878653,0001878653,052,YTN,'주가 조작 세력' 목표된 8개 종목...기이한 연관성 발견 [Y녹취록],■ 진행 : 안보라 앵커 ■ 출연 : 홍기빈 글로벌정치경제연구소장 * 아래 텍스트는 실제 방송 내용과 차이가 있을 수 있으니 보다 정확한 내용은 방송으로 확인하시기 바랍니다. 인용 시 [YTN 뉴스라이더] 명시해주시,1682645196000,https://mimgnews.pstatic.net/image/origin/052/2023/04/28/1878653.jpg,2,6F8q0M16uvx5LbHM,news_sec_v2.0,DEFAULT
101,8812805E_000000000000000000916799,0000916799,417,머니S,"서울청사 등 '세기의 건축물', 건축정보모델(BIM)이 설계했다",건설산업의 가상현실(VR)로 불리는 '건축정보모델'(BIM·Building Information modeling)은 인터넷 발명에 버금가는 기술이다. 전통적으로 평면 출력을 이용한 도면을 대신해 입체 3차원(3D) ,1682645177000,https://mimgnews.pstatic.net/image/origin/417/2023/04/28/916799.jpg,1,p2iNuc6ymZYeFbhZ,news_sec_v2.0,DEFAULT
101,88000385_000000000000000005252260,0005252260,277,아시아경제,"생산·소비는 회복세…""본격 경기회복 진입은 아직""(종합)","3월 소비와 생산이 전월보다 증가했지만 설비투자는 감소했다. 소비는 대형마트와 면세점 등의 판매 호조로 2개월 연속 증가했고, 생산 역시 15개월 만에 최대 증가 폭을 보이면서 내수 회복 시그널이 감지됐다. 다만 본",1682645101000,https://mimgnews.pstatic.net/image/origin/277/2023/04/28/5252260.jpg,1,IijThwXIbFeUwJKa,news_sec_v2.0,DEFAULT
101,88000114_000000000000000011474828,0011474828,056,KBS,"증권사들, ‘무더기 하한가 사태’ 원인 CFD 신규 가입·매매 차단",외국계 증권사 소시에테제네랄(SG)증권발 무더기 하한가 사태의 진원지가 된 차액결제거래(CFD)에 대해 증권사들이 신규 가입과 매매를 중단하고 있습니다. 금융투자업계에 따르면 삼성증권은 전날 오후 6시부터 국내·해외,1682645003000,https://mimgnews.pstatic.net/image/origin/056/2023/04/28/11474828.jpg,1,xFJp61FqwC992iqn,news_sec_v2.0,DEFAULT
101,880000C2_000000000000000004881104,0004881104,008,머니투데이,"""中 접근 막아라""… 獨, 반도체 제조용 화학제 수출 규제 검토","獨 화학업체 머크·바스프의 中 수출 제한 가능성 논의 초기 단계, 중국과 관계에 미칠 영향도 고려 ""수출 제한 시 中 첨단 반도체 개발·생산에 차질"" 독일 정부가 반도체 산업 관련 중국의 접근을 차단하고자 자국 화학",1682644963000,https://mimgnews.pstatic.net/image/origin/008/2023/04/28/4881104.jpg,1,yIq2dCIeUetbTzAd,news_sec_v2.0,DEFAULT
101,8800010E_000000000000000002136614,0002136614,016,헤럴드경제,증권사 CEO 소집한 금감원 “올 들어 CFD 52% 증가…위험별 관리차등화해야” [투자360],"금융감독원은 28일 최근 발생된 8개 주식의 무더기 하한가 사태와 관련, 증권사들에게 레버리지 투자 관련 투자자 보호 및 리스크 관리에 힘써 달라고 당부했다. 이일환으로 증권사들은 이번 사태의 진앙지가 된 차액결제거",1682644921000,https://mimgnews.pstatic.net/image/origin/016/2023/04/28/2136614.jpg,1,yIq2dCIeUetbTzAd,news_sec_v2.0,DEFAULT
101,880000C2_000000000000000004881101,0004881101,008,머니투데이,SG사태에 금융당국 회동…의혹 불거진 키움증권 행보 주목,소시에테제네랄(SG)증권발 주가 폭락 여파가 지속되는 상황에서 금융당국이 증권사 사장단과 회동을 갖는다. 특히 이번 사태 관련 종목인 다우데이타 주식을 급락 직전 처분한 김익래 다우키움그룹 회장에 대한 각종 의혹이 ,1682644869000,https://mimgnews.pstatic.net/image/origin/008/2023/04/28/4881101.jpg,1,yIq2dCIeUetbTzAd,news_sec_v2.0,DEFAULT
101,88000103_000000000000000002637755,0002637755,028,한겨레,3월 반도체 생산 반짝 늘었으나…경기 부진 지속,지난달 반도체 제조업을 중심으로 국내 산업 생산이 1년 만에 가장 큰 폭으로 늘었다. 소비도 2개월 연속 증가했다. 그러나 반짝 호조세를 보인 반도체 착시 효과를 제외하면 전반적인 경기 부진 흐름은 지속되고 있다. ,1682644861000,https://mimgnews.pstatic.net/image/origin/028/2023/04/28/2637755.jpg,1,yIq2dCIeUetbTzAd,news_sec_v2.0,DEFAULT
101,880003A5_000000000000000000043761,0000043761,293,블로터,"한화생명, 대형 보험대리점에 디지털 판매플랫폼 확대 적용",한화생명금융서비스가 지난해 10월 보험대리점(GA)업계 최초로 선보인 통합 영업지원 디지털 세일즈 플랫폼 '오렌지트리' 사용자 확대를 추진한다. 한화생명금융서비스는 대형 GA 5개사와 오렌지트리 공동 사용을 위한 전,1682644801000,https://mimgnews.pstatic.net/image/origin/293/2023/04/28/43761.jpg,1,xFJp61FqwC992iqn,news_sec_v2.0,DEFAULT
101,880002EC_000000000000000000044096,0000044096,243,이코노미스트,"“향후 5년은 투자의 시기”…적자 늪 빠진 SK바이오사이언스, 반전 가능할까","‘어닝쇼크’로 시장에 충격을 준 SK바이오사이언스가 백신 사업을 중심으로 한 성장 전략을 본격적으로 추진한다. 메신저 리보핵산(mRNA)과 세포·유전자 치료제(CGT), 항체 약물 중합체(ADC) 등 차세대 모달리티",1682644801000,https://mimgnews.pstatic.net/image/origin/243/2023/04/28/44096.jpg,1,yIq2dCIeUetbTzAd,news_sec_v2.0,DEFAULT
101,88000385_000000000000000005252253,0005252253,277,아시아경제,IFRS17 이후 보험사 첫 성적표…KB손보 '선방',"올해 새 회계제도 IFRS17이 도입된 이후 보험사들의 첫 성적표가 나왔다. 신한금융, KB금융 등의 계열 보험사들은 선방했지만 하나금융 계열 보험사들은 다소 아쉬운 실적을 거뒀다. 28일 업계에 따르면 KB손해보험",1682644741000,https://mimgnews.pstatic.net/image/origin/277/2023/04/28/5252253.jpg,1,yIq2dCIeUetbTzAd,news_sec_v2.0,DEFAULT
101,8800010E_000000000000000002136610,0002136610,016,헤럴드경제,"검찰, 강남 납치·살인 ‘재력가 부부’ 등 7명 기소",서울 강남 한복판에서 벌어진 40대 여성 납치·살해 사건으로 ‘재력가 부부’ 등 7명이 재판에 넘겨졌다. 코인 투자 실패로 피해자 최모씨에 대한 악감정이 살인으로 이어진 사건으로 검찰은 파악했다. 서울중앙지검 전담수,1682644741000,https://mimgnews.pstatic.net/image/origin/016/2023/04/28/2136610.jpg,1,yIq2dCIeUetbTzAd,news_sec_v2.0,DEFAULT
101,880000C4_000000000000000002569117,0002569117,021,문화일보,"GS건설, ‘광명자이더샵포레나’ 본보기집 29일 오픈…평당 약 2700만 원","GS건설과 포스코이앤씨, ㈜한화 건설부문으로 구성된 GS건설 컨소시엄은 오는 29일 경기 광명시 광명동 9-8번지 일대에 들어서는 ‘광명자이더샵포레나(조감도)’의 본보기집을 열고 본격 분양에 들어간다. GS건설에 따",1682644741000,https://mimgnews.pstatic.net/image/origin/021/2023/04/28/2569117.jpg,1,yIq2dCIeUetbTzAd,news_sec_v2.0,DEFAULT
101,880000D1_000000000000000003357332,0003357332,081,서울신문,고양국제꽃박람회서 틔운 반려식물 라이프…식물생활가전 LG틔운 팝업 전시,신개념 식물생활가전 ‘LG 틔운’으로 국내 반려식물 시장을 확장한 LG전자가 국내 최대 규모 꽃 축제인 고양국제꽃박람회에서 ‘LG 틔운·틔운 미니 팝업스토어’를 운영한다. 28일 LG전자에 따르면 전날 개막해 다음달,1682644681000,https://mimgnews.pstatic.net/image/origin/081/2023/04/28/3357332.jpg,1,xFJp61FqwC992iqn,news_sec_v2.0,DEFAULT
101,8817cacd_000000000000000000056794,0000056794,586,시사저널,"아파트 매수심리 오르고, 가격 하락폭은 축소","매매수급지수 73.6→74.9 매매가 하락폭 &#8211;0.13%→-0.11% 이번 주 전국 아파트 매매가격 하락 폭이 전주 대비 축소됐다. 특히 서울 강남3구의 아파트값이 일제히 상승 전환하면서, 매수심리도 8주",1682644681000,https://mimgnews.pstatic.net/image/origin/586/2023/04/28/56794.jpg,1,yIq2dCIeUetbTzAd,news_sec_v2.0,DEFAULT
101,880000C2_000000000000000004881098,0004881098,008,머니투데이,"시노펙스, 앱솔루트 정수 필터 KC 인증 획득",시노펙스는 '시노텍스 앱솔루트 정수 필터' 한국 물기술인증원에서 KC인증을 획득했다고 28일 밝혔다. 이번 인증은 '시노텍스 앱솔루트 정수 필터'가 기존에 사용하던 욕실 샤워기 세면대에 이어 음식물 조리에 사용되는 ,1682644675000,https://mimgnews.pstatic.net/image/origin/008/2023/04/28/4881098.jpg,1,xFJp61FqwC992iqn,news_sec_v2.0,DEFAULT
101,88000127_000000000000000011830151,0011830151,003,뉴시스,올해 CFD 52%·빚투 22% 급증…금감원 '레버리지 관리' 강조,"기사내용 요약 ""CFD 고객 유지 과도한 이벤트 자제해야"" 올해 주식시장 레버리지 투자가 크게 증가한 것으로 나타나면서 금융당국이 증권사들에게 리스크 관리를 당부하고 나섰다. 올해 개인의 '빚투(빚내서 투자)' 신용",1682644641000,https://mimgnews.pstatic.net/image/origin/003/2023/04/28/11830151.jpg,1,p2iNuc6ymZYeFbhZ,news_sec_v2.0,DEFAULT
101,88000107_000000000000000004838441,0004838441,015,한국경제,"박대출, 한전 사장에 ""최소한 염치도 없는 방만경영…즉각 물러나길""","28일 박대출 국민의힘 정책위의장은 정승일 한국전력 사장을 향해서 ""방만 경영과 도덕적 해이에 대한 모든 책임을 지고 즉각 자리에서 물러나기를 바란다""고 촉구했다. 박 의장은 이날 원내대책회의에서 ""국민에게 전기요금",1682644626000,https://mimgnews.pstatic.net/image/origin/015/2023/04/28/4838441.jpg,1,yIq2dCIeUetbTzAd,news_sec_v2.0,DEFAULT
101,8812A0A8_000000000000000002707674,0002707674,119,데일리안,"국민은행, 올해 상반기 신입행원 250명 채용",KB국민은행은 올해 상반기 250여명 규모의 신입행원 채용을 진행한다고 28일 밝혔다. 채용 부문은 ▲기업금융·자산관리(UB) ▲IB ▲글로벌 ▲자본시장 ▲ICT ▲ESG 동반성장(장애인·다문화가족 자녀·북한이탈주민,1682644621000,https://mimgnews.pstatic.net/image/origin/119/2023/04/28/2707674.jpg,1,xFJp61FqwC992iqn,news_sec_v2.0,DEFAULT
101,880000E7_000000000000000005474363,0005474363,018,이데일리,"삼성전자, 예상보다 큰 폭 감산 암시…2Q 반도체 업황 저점 통과-SK","SK증권은 28일 삼성전자에 대해 삼성전자가 예상보다 큰 폭의 감산을 암시한 만큼 2분기 업황 저점 통과 전망 유지한다고 밝혔다. 투자의견 매수, 목표주가 8만원을 유지했다. 한동희 SK증권 연구원은 “삼성전자가 2",1682644621000,https://mimgnews.pstatic.net/image/origin/018/2023/04/28/5474363.jpg,1,yIq2dCIeUetbTzAd,news_sec_v2.0,DEFAULT
101,8811AD97_000000000000000000333648,0000333648,374,SBS Biz,"갑작스런 상속·증여세 납부?…""당황 말고 국세청 누리집으로""",최근 부동산 가격 급등으로 상속·증여세 납부 대상이 급증하면서 새롭게 납부 대상이 된 서민·중산층의 고민도 커지고 있습니다. 상속세 납부대상은 지난 2017년 6986건에서 2021년 1만2749건으로 82% 증가했,1682644621000,https://mimgnews.pstatic.net/image/origin/374/2023/04/28/333648.jpg,1,yIq2dCIeUetbTzAd,news_sec_v2.0,DEFAULT
101,88000108_000000000000000004184500,0004184500,011,서울경제,서울과 초인접…'광명자이더샵포레나' 29일 견본주택 오픈,GS건설(006360) 컨소시엄(GS건설·포스코이앤씨·한화 건설부문)은 경기도 광명시 광명동 9-8번지 일대에서 분양하는 ‘광명자이더샵포레나’의 견본주택을 29일 오픈하고 본격적인 분양에 나선다고 28일 밝혔다. 광,1682644502000,https://mimgnews.pstatic.net/image/origin/011/2023/04/28/4184500.jpg,1,wSujnm1NqwpZie9N,news_sec_v2.0,DEFAULT
101,880000F1_000000000000000002303914,0002303914,123,조세일보,"센코, 3배수 무상증자 진행…“주주가치 제고에 힘쓸 것”","전기화학식 가스센서 전문기업 센코(347000, 대표이사 하승철)가 보통주 1주당 신주 3주를 배정하는 무상증자를 진행한다고 28일 밝혔다. 이번 무상증자에서 신규 발행하는 주식 수는 2648만7837주(보통주식 2",1682644501000,https://mimgnews.pstatic.net/image/origin/123/2023/04/28/2303914.jpg,1,p2iNuc6ymZYeFbhZ,news_sec_v2.0,DEFAULT
101,08138263_000000000000000006776049,0006776049,421,뉴스1,"미래에셋證 찾은 노동장관·금감원장…""퇴직연금 수익률 제고·서비스 혁신해야""",이정식 고용노동부 장관과 이복현 금융감독원장이 미래에셋증권 본사를 찾아 퇴직연금사업자의 사회적 책무 및 서비스 혁신을 당부했다. 고용노동부와 금융감독원은 28일 오전 10시 서울 중구 미래에셋증권 본사에서 퇴직연금 ,1682644487000,https://mimgnews.pstatic.net/image/origin/421/2023/04/28/6776049.jpg,1,XLHTCEux7yEV0Cal,news_sec_v2.0,DEFAULT
101,880000F1_000000000000000002303913,0002303913,123,조세일보,"[주가동향]&#160; LG생활건강, 1분기 실적 부진에 주가 ‘하락’... '점진적 회복' 기대",LG생활건강(대표이사 이정애)이 중국 경기회복 지연과 인플레이션 관련 비용 증가로 1분기 실적 부진이 확인되자 28일 주가가 하락하는 등 약세를 보이고 있다. 이날 오전 9시 53분 현재 유가증권시장에서 LG생활건강,1682644441000,https://mimgnews.pstatic.net/image/origin/123/2023/04/28/2303913.jpg,1,XLHTCEux7yEV0Cal,news_sec_v2.0,DEFAULT
101,880000C1_000000000000000000811377,0000811377,088,매일신문,"리만코리아, ""방문판매에 '온라인몰' 추가요""…美 시장 진출 공식화","대구에 본사를 둔 리만코리아가 최근 공식온라인몰을 오픈하고 방문판매에 디지털전략을 더했다. 리만코리아 측은 ""이달 4일 공식온라인몰을 고객에게 선보였다""라며 ""온라인 정품인증 서비스와 정기구매 서비스 등 다양한 서비",1682644381000,https://mimgnews.pstatic.net/image/origin/088/2023/04/28/811377.jpg,1,xFJp61FqwC992iqn,news_sec_v2.0,DEFAULT
101,08138263_000000000000000006776045,0006776045,421,뉴스1,"""기본 배달료 4000원으로 올려달라""…배민 기사들 어린이날 파업한다",배달의민족 소속 배달 기사들이 어린이날인 5월5일 하루동안 파업에 돌입한다. 민주노총 서비스연맹 배달플랫폼노동조합은 전날(27일) 중앙노동위원회에서 열린 배달의민족(우아한청년들)과의 2차 조정이 최종 결렬돼 5월5일,1682644349000,https://mimgnews.pstatic.net/image/origin/421/2023/04/28/6776045.jpg,1,XLHTCEux7yEV0Cal,news_sec_v2.0,DEFAULT
101,8800010E_000000000000000002136601,0002136601,016,헤럴드경제,"DL이앤씨, 1분기 매출 1조8501억원·영업이익 902억원","DL이앤씨는 연결 기준 올해 1분기 매출 1조8501억원, 영업이익이 902억원으로 잠정 집계됐다고 28일 밝혔다. 매출은 전년 동기 대비 22.1% 증가한 반면 영업이익은 28.3% 감소했다. 1분기 신규 수주는 ",1682644328000,https://mimgnews.pstatic.net/image/origin/016/2023/04/28/2136601.jpg,1,xFJp61FqwC992iqn,news_sec_v2.0,DEFAULT
101,880000FF_000000000000000005004275,0005004275,014,파이낸셜뉴스,'디벨론' 100일 잔치..HD현대인프라코어 새 브랜드,"HD현대인프라코어는 신규 브랜드인 DEVELON(디벨론) 론칭 100일을 기념해 전국 사업장에서 '디벨론 데이'를 개최했다. 28일 HD현대인프라코어는 경기도 판교, 인천, 군산, 안산 등 전국 주요 사업장에서 백일",1682644324000,https://mimgnews.pstatic.net/image/origin/014/2023/04/28/5004275.jpg,1,xFJp61FqwC992iqn,news_sec_v2.0,DEFAULT
101,880000E7_000000000000000005474356,0005474356,018,이데일리,"웰컴저축은행, 봄맞이 걷기 이벤트…“걷다 보면 돈이 쌓인다”",웰컴저축은행이 봄을 맞아 나들이와 산책을 즐기는 모바일뱅킹 웰컴디지털뱅크 고객을 대상으로 ‘웰뱅워킹 봄맞이 걷기 이벤트’를 진행한다고 28일 밝혔다. ‘웰뱅워킹 봄맞이 걷기 이벤트’는 고객의 걸음 수에 따라 리워드를,1682644321000,https://mimgnews.pstatic.net/image/origin/018/2023/04/28/5474356.jpg,1,XLHTCEux7yEV0Cal,news_sec_v2.0,DEFAULT
101,88000108_000000000000000004184497,0004184497,011,서울경제,"""스타벅스 200만잔 팔린 '이 음료', 5월부터 없습니다""",스타벅스 시즌 인기 음료 슈크림 라떼가 곧 판매를 중지할 예정지다. 최근 스타벅스는 '슈크림 라떼를 즐길 수 있는 시간이 얼마 남지 않았어요!'라는 내용이 담긴 포스터를 공개했다. 하단에는 '봄 시즌 한정 음료인 슈,1682644321000,https://mimgnews.pstatic.net/image/origin/011/2023/04/28/4184497.jpg,1,SHH85Ym3QSGTRmAz,news_sec_v2.0,DEFAULT
101,88000149_000000000000000001098383,0001098383,215,한국경제TV,"은평구 역촌중앙시장, 22층 260가구 주상복합으로 신축","은평구 역촌중앙시장에 지상 22층, 260가구 규모의 주상복합 단지가 들어선다. 서울시가 지난 26일 열린 제8차 건축위원회에서 역촌중앙시장 특계 주상복합 신축사업를 비롯해 △신촌지역(마포) 4-9지구 도시정비형 재",1682644306000,https://mimgnews.pstatic.net/image/origin/215/2023/04/28/1098383.jpg,1,SHH85Ym3QSGTRmAz,news_sec_v2.0,DEFAULT
101,880000F2_000000000000000003276575,0003276575,025,중앙일보,‘SG증권 사태’ 연루 종목들 하한가 벗어났다…일부는 상승,"외국계 증권사 소시에테제네랄(SG)증권발 매물로 연일 급락세를 탔던 종목들이 28일 하한가에서 탈출했다. 이날 오전 9시 3분 현재 대성홀딩스와 선광은 전 거래일보다 각각 26.04%, 21.16%씩 급락하고 있다.",1682644305000,https://mimgnews.pstatic.net/image/origin/025/2023/04/28/3276575.jpg,1,SHH85Ym3QSGTRmAz,news_sec_v2.0,DEFAULT
101,88000127_000000000000000011830118,0011830118,003,뉴시스,"국민은행, 상반기 신입행원 250여명 채용 진행",KB국민은행은 올해 상반기 250여명 규모의 신입행원 채용을 진행한다고 28일 밝혔다. 국민은행에 따르면 이번 채용 부문은 ▲UB(기업금융·자산관리) ▲IB(기업금융) ▲글로벌 ▲자본시장 ▲ICT(정보통신기술) ▲E,1682644247000,https://mimgnews.pstatic.net/image/origin/003/2023/04/28/11830118.jpg,1,xFJp61FqwC992iqn,news_sec_v2.0,DEFAULT
101,88000127_000000000000000011830116,0011830116,003,뉴시스,자구안도 막막한데…가스公 '모잠비크' 사업 1500억 추가 투자,"기사내용 요약 '코랄 사우스' FLNG 사업비 대여금 증액 대여금 7586억…초기 투자금서 25.4%↑ ""운영자금 더 필요…'알짜배기' 프로젝트"" [세종=뉴시스]임소현 기자 = 한국가스공사가 모잠비크에서 진행 중인 ",1682644234000,https://mimgnews.pstatic.net/image/origin/003/2023/04/28/11830116.jpg,1,SHH85Ym3QSGTRmAz,news_sec_v2.0,DEFAULT
101,88000149_000000000000000001098380,0001098380,215,한국경제TV,"커지는 S 공포...""지금은 스태그플레이션 수혜주 주목할 때""",미국의 1분기 국내총생산(GDP)이 시장 예상치를 밑돌며 스태그플레이션을 둘러싼 공포가 커지고 있다. 27일(현지시간) CNBC에 따르면 미국의 1분기 GDP 속보치는 연율 1.1%로 집계됐다. 이는 월스트리트저널(,1682644213000,https://mimgnews.pstatic.net/image/origin/215/2023/04/28/1098380.jpg,1,SHH85Ym3QSGTRmAz,news_sec_v2.0,DEFAULT
101,880000ED_000000000000000003760632,0003760632,023,조선일보,"정의선, 尹대통령 연설 ‘직관’ 중 포착",정의선 현대차그룹 회장이 27일(현지 시각) 워싱턴DC 미 연방하원 본회의장에서 윤석열 대통령 연설을 ‘직관’하고 있던 것이 취재진에게 포착돼 화제다. 이날 윤석열 대통령 현장 연설에는 때 500여석에 달하는 상·하,1682644201000,https://mimgnews.pstatic.net/image/origin/023/2023/04/28/3760632.jpg,1,SHH85Ym3QSGTRmAz,news_sec_v2.0,DEFAULT
101,8811AD97_000000000000000000333646,0000333646,374,SBS Biz,갤럭시S23이 '이 회사' 살렸다…적자 막았다,"올해 1분기 반도체 부진 등으로 '어닝쇼크'를 기록한 삼성전자를 갤럭시S23 시리즈가 살린 것으로 나타났습니다. 오늘(28일) 삼성전자에 따르면, MX사업부의 올해 1분기 영업이익은 3조 9천 400억 원을 기록해 ",1682644153000,https://mimgnews.pstatic.net/image/origin/374/2023/04/28/333646.jpg,1,SHH85Ym3QSGTRmAz,news_sec_v2.0,DEFAULT
101,8800010E_000000000000000002136592,0002136592,016,헤럴드경제,HD한국조선해양 “유럽 R&D에 5년간 1500만 유로 투자”…조선·해양 미래기술 선점,HD한국조선해양이 조선·해양 분야 미래기술을 선점하기 위해 유럽 현지에서 R&D(연구개발) 투자를 확대한다. 28일 HD한국조선해양은 독일에 위치한 HD유럽연구센터를 중심으로 향후 5년간 1500만 유로(약 220억,1682644141000,https://mimgnews.pstatic.net/image/origin/016/2023/04/28/2136592.jpg,1,SHH85Ym3QSGTRmAz,news_sec_v2.0,DEFAULT
101,88000107_000000000000000004838437,0004838437,015,한국경제,"금감원, 증권사 CEO 긴급 소집…""CFD 리스크 관리 주문""",금융감독원이 증권사 최고경영자(CEO)들을 긴급 소집해 최근 '무더기 하한가 사태'의 배경으로 지목된 차액결제거래(CFD) 리스크 관리 강화를 주문했다. 금감원은 28일 금융투자협회 대회의실에서 35개 국내 증권사 ,1682644141000,https://mimgnews.pstatic.net/image/origin/015/2023/04/28/4838437.jpg,1,K2yuRo4GrqMFpW3o,news_sec_v2.0,DEFAULT
101,8800010E_000000000000000002136591,0002136591,016,헤럴드경제,"""범인은 따로 있다""…'임창정 주가조작' L대표가 지목한 사람은?","연예인 임창정이 연루된 '주가조작' 사건의 핵심으로 지목되는 투자자문업체 대표 라덕연 씨가 자신도 이번 사태로 피해를 봤다며, 진짜 이익을 본 사람은 따로 있다고 책임을 돌렸다. 그는 기존에 언론에 'L 대표'로 알",1682644088000,https://mimgnews.pstatic.net/image/origin/016/2023/04/28/2136591.jpg,1,SHH85Ym3QSGTRmAz,news_sec_v2.0,DEFAULT
101,880000C2_000000000000000004881093,0004881093,008,머니투데이,"크리스탈제이드 소공점, 정통 광동식 레스토랑으로 새단장",매일유업 관계사가 운영하는 글로벌 퓨전 중식당 '크리스탈제이드' 소공점이 오는 5월 1일 전면 리뉴얼한 매장을 오픈한다. '정통 광동식 다이닝 레스토랑'을 목표로 인테리어와 메뉴 콘셉트를 바꿨다. 2012년 개장한 ,1682644083000,https://mimgnews.pstatic.net/image/origin/008/2023/04/28/4881093.jpg,1,SKZH2FW07xg20jKZ,news_sec_v2.0,DEFAULT
101,880000BC_000000000000000005123043,0005123043,009,매일경제,피해자는 죽어가는데...전세사기 범죄조직 형량은 겨우,재난 수준의 전세사기 사건들이 발생하면서 경찰이 수사에 속도를 내고 있다. 특히 다수의 부동산임대업자와 공인중개사가 연루된 구리 빌라왕 일당에게는 조직폭력에 해당하는 범죄단체조직죄 적용을 검토하고 있다. 28일 구리,1682644081000,https://mimgnews.pstatic.net/image/origin/009/2023/04/28/5123043.jpg,1,SHH85Ym3QSGTRmAz,news_sec_v2.0,DEFAULT
101,88000108_000000000000000004184491,0004184491,011,서울경제,"은평구 역촌중앙시장, 260세대 아파트로 탈바꿈 [집슐랭]",서울 은평구 역촌중앙시장에 266세대 규모의 주상복합이 들어선다. 서울시는 지난 25일 열린 제8차 건축위원회에서 이 같은 내용을 담은 ‘역촌중앙시장 특계 주상복합 신축사업’ 건축계획안을 통과시켰다고 28일 밝혔다.,1682644028000,https://mimgnews.pstatic.net/image/origin/011/2023/04/28/4184491.jpg,1,1JHa1PAyWZ1ph47V,news_sec_v2.0,DEFAULT
101,88000108_000000000000000004184490,0004184490,011,서울경제,"시몬스, 동종업계 이직한 前직원 대상 가처분 소송",시몬스 침대가 올 1월 퇴사 후 일룸 슬로우베드로 이직한 전 직원 A씨를 상대로 최근 서울중앙지방법원에 전직금지 가처분 신청서를 제출했다고 28일 밝혔다. 생산 및 R&D(연구개발) 관련 부서의 경우 퇴사 후 일정 ,1682644023000,https://mimgnews.pstatic.net/image/origin/011/2023/04/28/4184490.jpg,1,SKZH2FW07xg20jKZ,news_sec_v2.0,DEFAULT
101,88000127_000000000000000011830103,0011830103,003,뉴시스,"한전, 근로자의날 맞아 지급했던 '10만원' 상품권 회수","기사내용 요약 직원들에 지급된 상품권 지급 중지 결정 지급된 경우 회수 조치…""자구방안 일환"" [세종=뉴시스]임소현 기자 = 사상 최대 규모의 적자를 낸 한국전력공사가 근로자의 날을 앞두고 직원들에게 지급했던 10만",1682644019000,https://mimgnews.pstatic.net/image/origin/003/2023/04/28/11830103.jpg,1,RNxkwSkGB8kwLDLU,news_sec_v2.0,DEFAULT
101,08138263_000000000000000006776030,0006776030,421,뉴스1,"""기밀유출 우려""…시몬스침대, 일룸으로 간 전직원에 전직금지 가처분","시몬스 침대는 올해 1월 퇴사후 퍼시스(016800)그룹 계열사 일룸(슬로우베드)으로 이직한 전 직원 A씨를 상대로 서울중앙지방법원에 전직금지 가처분 신청서를 제출했다고 28일 밝혔다. 시몬스 관계자는 ""회사의 핵심",1682644003000,https://mimgnews.pstatic.net/image/origin/421/2023/04/28/6776030.jpg,1,RNxkwSkGB8kwLDLU,news_sec_v2.0,DEFAULT
101,88221sge_000000000000000000049473,0000049473,656,대전일보,"""최대 10배 요금 감면""… LGU+, 디도스 피해 보상안 발표",LG유플러스가 최근 발생한 분산서비스거부 공격(디도스·DDoS)에 따라 피해를 본 고객에게 보상하기로 결정했다. LG유플러스는 지난 1월 발생한 개인정보 유출과 디도스 공격 사태에 따른 '종합 피해보상안'을 28일 ,1682643961000,https://mimgnews.pstatic.net/image/origin/656/2023/04/28/49473.jpg,1,RNxkwSkGB8kwLDLU,news_sec_v2.0,DEFAULT
101,88000149_000000000000000001098378,0001098378,215,한국경제TV,친환경차 날았다…수출 역대 최대치,올해 1분기 승용차 수출액이 친환경차 수출에 힘입어 1년 전보다 40% 넘게 증가했다. 28일 관세청이 발표한 승용차 교역 현황에 따르면 지난 1분기 승용차 수출액은 154억2천만달러로 작년 동기 대비 41.1% 증,1682643948000,https://mimgnews.pstatic.net/image/origin/215/2023/04/28/1098378.jpg,1,RNxkwSkGB8kwLDLU,news_sec_v2.0,DEFAULT
101,880000BC_000000000000000005123042,0005123042,009,매일경제,"“더 이상 떨어질 곳 없다”...최악의 실적 거둔 美간판기업, 그래도 웃었다 [월가월부]",27일 미국 주요 지수 동반 상승 메타14%↑뛰는 등 빅테크 강세 ‘최악 손실’ 인텔에 저점 매수세 아마존 시간 외 하락세로 반전 미국 1분기 성장률 1.1% 그쳐 미국 주요 기업 실적 발표가 몰린 가운데 27일(이,1682643904000,https://mimgnews.pstatic.net/image/origin/009/2023/04/28/5123042.jpg,1,RNxkwSkGB8kwLDLU,news_sec_v2.0,DEFAULT
101,88000385_000000000000000005252244,0005252244,277,아시아경제,[팩트체크]차용증 쓰고 부모한테 돈 빌리면 증여세 면제?,부동산 가격의 급등 등으로 인해 서민·중산층이 예기치 못하게 상속세 및 증여세 납부 대상이 돼 고민하는 사례가 증가하자 국세청이 세무 전문가의 조력을 받는 것이 어려운 이들을 위해 상속세 및 증여세에 대한 정확한 정,1682643904000,https://mimgnews.pstatic.net/image/origin/277/2023/04/28/5252244.jpg,1,RNxkwSkGB8kwLDLU,news_sec_v2.0,DEFAULT
101,8800006B_000000000000000003220275,0003220275,032,경향신문,가전·배터리 수출액 뛰어넘었다···‘무역적자 돌파구’ 꼽히는 이것은?,게임·음악·방송 등 콘텐츠 산업의 지난해 수출액이 가전·전기차 같은 주요 품목들의 수출 규모를 뛰어넘은 것으로 나타났다. 1년여간 무역 적자 흐름이 이어지는 가운데 ‘K-콘텐츠’를 주력 수출산업으로 키워야 한다는 주,1682643901000,https://mimgnews.pstatic.net/image/origin/032/2023/04/28/3220275.jpg,1,RNxkwSkGB8kwLDLU,news_sec_v2.0,DEFAULT
101,88000106_000000000000000000065186,0000065186,050,한경비즈니스,"정의선·이재용·최태원 등 한국 재계 총수 총출동…첨단 산업 협력 “끈끈한 동맹 확인"" [CEO24시]","정의선 현대자동차그룹 회장, 이재용 삼성전자 회장, 최태원 SK 회장 등 주요 그룹 총수들이 한자리에 모였다. 전국경제인연합회(전경련)는 4월 26일 미국 워싱턴 D.C. 미국상공회의소에서 ‘한·미 비즈니스 라운드 ",1682643901000,https://mimgnews.pstatic.net/image/origin/050/2023/04/28/65186.jpg,1,RNxkwSkGB8kwLDLU,news_sec_v2.0,DEFAULT
101,880000C2_000000000000000004881090,0004881090,008,머니투데이,루이비통 이어 구찌도 온다...경복궁 근정전서 패션쇼,이탈리아 럭셔리 브랜드 구찌(Gucci)가 오는 5월 16일 서울 경복궁에서 2024 크루즈 패션쇼를 개최한다. 이번 패션쇼는 구찌가 1998년 국내 첫 플래그십 부티크를 선보인 지 25년 만에 치러지는 행사다. 구,1682643895000,https://mimgnews.pstatic.net/image/origin/008/2023/04/28/4881090.jpg,1,VdSZJZ9wVP4AUD9M,news_sec_v2.0,DEFAULT
101,880000D6_000000000000000000743653,0000743653,031,아이뉴스24,"은마아파트, 상가 조합원 분양비율 합의…재건축 속도 낸다",강남 대표 재건축 단지 은마아파트의 재건축 사업이 속도를 낼 전망이다. 아파트 소유주와 상가 소유주 간 이견이 가장 심했던 상가 조합원 분양 비율 등에서 합의점을 찾았기 때문이다. 28일 정비업계에 따르면 은마 아파,1682643841000,https://mimgnews.pstatic.net/image/origin/031/2023/04/28/743653.jpg,1,RNxkwSkGB8kwLDLU,news_sec_v2.0,DEFAULT
